КССС|Веса|МАРЕ
104001|(0.00, 0.00, 1.00)|9.07
104005|(0.26, 0.55, 0.19)|59.26
104801|(0.00, 0.30, 0.70)|8.48
104802|(0.30, 0.20, 0.50)|10.80
1059|(0.07, 0.05, 0.88)|10.67
1060|(0.07, 0.00, 0.93)|7.06
1062|(0.10, 0.00, 0.90)|7.59
1063|(0.00, 0.00, 1.00)|11.28
1064|(0.06, 0.08, 0.86)|9.35
1066|(0.06, 0.00, 0.94)|9.45
1067|(0.02, 0.09, 0.89)|14.00
1068|(0.15, 0.18, 0.67)|8.72
1069|(0.62, 0.09, 0.29)|11.24
1070|(0.00, 0.05, 0.95)|11.79
1071|(0.13, 0.09, 0.78)|9.60
1072|(0.13, 0.10, 0.77)|11.23
1073|(0.00, 0.05, 0.95)|9.45
1075|(0.00, 0.69, 0.31)|25.27
1077|(0.34, 0.05, 0.61)|7.46
1078|(0.21, 0.10, 0.69)|9.78
107801|(0.00, 0.53, 0.47)|33.83
1079|(1.00, 0.00, 0.00)|116.88
1081|(0.05, 0.02, 0.93)|8.60
1083|(0.01, 0.00, 0.99)|10.03
1084|(0.10, 0.00, 0.90)|7.12
1087|(0.37, 0.16, 0.47)|10.54
1089|(0.09, 0.36, 0.55)|10.96
1092|(0.03, 0.05, 0.92)|11.16
1094|(0.00, 0.09, 0.91)|10.80
1095|(0.00, 0.34, 0.66)|13.04
1097|(0.01, 0.00, 0.99)|8.95
1098|(0.01, 0.00, 0.99)|11.20
1101|(0.05, 0.01, 0.94)|7.57
1102|(0.03, 0.01, 0.96)|10.05
1104|(0.04, 0.06, 0.90)|7.13
1105|(0.12, 0.01, 0.87)|8.84
1106|(0.02, 0.00, 0.98)|7.91
1107|(0.14, 0.17, 0.69)|11.52
1108|(0.50, 0.17, 0.33)|15.69
1110|(0.02, 0.00, 0.98)|7.25
1112|(0.00, 0.51, 0.49)|181.72
1113|(0.00, 0.00, 1.00)|13.30
1114|(0.03, 0.06, 0.91)|7.83
1115|(0.00, 0.55, 0.45)|19.89
1116|(0.00, 0.10, 0.90)|11.94
1119|(0.06, 0.06, 0.88)|10.05
1120|(0.08, 0.18, 0.74)|17.04
1121|(0.00, 0.02, 0.98)|17.85
1122|(0.00, 0.08, 0.92)|15.47
114401|(0.13, 0.21, 0.66)|8.87
114602|(0.02, 0.04, 0.94)|6.44
115002|(0.00, 0.45, 0.55)|13.16
115003|(0.00, 0.22, 0.78)|25.10
115007|(0.24, 0.52, 0.24)|26.25
118601|(0.94, 0.06, 0.00)|19.04
123002|(0.03, 0.10, 0.87)|6.33
123401|(0.00, 0.05, 0.95)|8.26
124002|(0.00, 0.38, 0.62)|10.14
124401|(0.00, 0.32, 0.68)|10.12
1252|(0.15, 0.51, 0.34)|14.81
1253|(0.00, 0.87, 0.13)|17.06
1254|(0.49, 0.38, 0.13)|14.06
1255|(0.58, 0.31, 0.11)|9.90
1256|(0.09, 0.91, 0.00)|54.45
125601|(0.00, 0.38, 0.62)|13.60
125602|(0.37, 0.26, 0.37)|8.96
125603|(0.92, 0.08, -0.00)|14.45
125604|(0.30, 0.34, 0.36)|10.47
125605|(0.12, 0.14, 0.74)|8.44
125606|(0.00, 0.34, 0.66)|9.04
125607|(0.00, 0.22, 0.78)|7.65
125608|(0.00, 0.83, 0.17)|23.43
125609|(0.90, 0.10, -0.00)|17.42
125610|(0.00, 0.61, 0.39)|18.93
125611|(0.00, 0.39, 0.61)|16.09
125612|(0.00, 0.17, 0.83)|13.30
125613|(0.34, 0.21, 0.45)|11.16
125614|(1.00, 0.00, 0.00)|21.00
125615|(0.00, 0.46, 0.54)|16.90
125616|(0.56, 0.00, 0.44)|250.15
125617|(0.56, 0.19, 0.25)|10.54
125618|(0.49, 0.51, 0.00)|16.57
125619|(0.46, 0.54, 0.00)|20.82
125620|(0.54, 0.29, 0.17)|15.28
125621|(0.74, 0.17, 0.09)|17.38
125622|(0.92, 0.07, 0.01)|12.04
125623|(0.95, 0.05, 0.00)|16.67
125627|(0.88, 0.12, 0.00)|18.61
125628|(0.40, 0.15, 0.45)|24.09
125629|(0.85, 0.11, 0.04)|22.56
125631|(0.89, 0.05, 0.06)|22.45
125632|(1.00, 0.00, 0.00)|18.07
125634|(1.00, 0.00, 0.00)|19.48
125635|(0.91, 0.09, -0.00)|28.27
125636|(0.08, 0.46, 0.46)|18.00
125638|(1.00, 0.00, 0.00)|18.73
125639|(0.77, 0.00, 0.23)|16.82
125640|(0.75, 0.00, 0.25)|29.02
125641|(0.89, 0.04, 0.07)|17.58
125642|(0.00, 0.39, 0.61)|13.30
125643|(0.00, 0.33, 0.67)|10.93
125644|(0.24, 0.03, 0.73)|12.92
125645|(0.00, 0.40, 0.60)|10.71
125646|(0.00, 0.49, 0.51)|13.26
125647|(0.32, 0.16, 0.52)|8.73
125648|(0.11, 0.08, 0.81)|11.02
125649|(0.00, 0.21, 0.79)|10.96
125650|(0.22, 0.53, 0.25)|14.19
125651|(0.06, 0.18, 0.76)|10.32
125652|(0.53, 0.33, 0.14)|12.41
125653|(0.00, 0.43, 0.57)|19.16
125654|(0.20, 0.56, 0.24)|14.71
125655|(0.00, 0.60, 0.40)|12.29
125656|(0.03, 0.08, 0.89)|15.62
125657|(0.00, 0.13, 0.87)|12.24
125659|(0.03, 0.10, 0.87)|9.24
125660|(0.69, 0.15, 0.16)|10.30
125661|(0.00, 0.09, 0.91)|18.38
125662|(0.62, 0.06, 0.32)|14.33
125663|(0.68, 0.18, 0.14)|15.74
125664|(0.00, 0.30, 0.70)|18.12
125665|(0.18, 0.39, 0.43)|14.01
125666|(0.26, 0.30, 0.44)|15.30
125668|(0.06, 0.54, 0.40)|14.28
125669|(0.96, 0.04, 0.00)|22.37
1257|(0.89, 0.11, -0.00)|20.40
125801|(0.03, 0.34, 0.63)|12.89
1259|(0.15, 0.07, 0.78)|9.37
1260|(0.13, 0.00, 0.87)|9.39
1261|(0.16, 0.09, 0.75)|8.83
1262|(0.32, 0.39, 0.29)|19.52
126204|(0.86, 0.14, 0.00)|10.15
1263|(0.65, 0.00, 0.35)|14.95
1264|(0.48, 0.00, 0.52)|12.92
1265|(0.00, 0.41, 0.59)|36.18
1266|(0.38, 0.25, 0.37)|8.53
1268|(0.33, 0.04, 0.63)|11.20
1269|(0.97, 0.00, 0.03)|19.05
1270|(0.00, 0.24, 0.76)|11.42
127001|(0.68, 0.03, 0.29)|12.35
127003|(0.62, 0.38, 0.00)|20.31
1271|(0.75, 0.04, 0.21)|17.98
1273|(0.89, 0.11, -0.00)|13.36
1274|(0.68, 0.09, 0.23)|9.87
1275|(0.42, 0.26, 0.32)|18.42
1278|(0.86, 0.00, 0.14)|16.60
127801|(0.97, 0.00, 0.03)|21.82
127802|(0.89, 0.11, -0.00)|34.19
1279|(0.57, 0.00, 0.43)|7.23
128201|(0.00, 0.22, 0.78)|15.28
128801|(0.65, 0.25, 0.10)|27.96
129003|(0.00, 0.43, 0.57)|13.07
129004|(0.12, 0.38, 0.50)|9.20
129401|(0.89, 0.00, 0.11)|45.01
131803|(0.24, 0.73, 0.03)|21.44
132001|(0.19, 0.08, 0.73)|8.04
132002|(0.00, 0.24, 0.76)|9.65
132203|(0.07, 0.11, 0.82)|9.21
132802|(0.16, 0.04, 0.80)|5.47
133206|(0.48, 0.28, 0.24)|17.29
133207|(0.00, 0.18, 0.82)|11.35
133208|(0.27, 0.15, 0.58)|12.09
133209|(0.01, 0.11, 0.88)|10.61
133210|(0.36, 0.27, 0.37)|13.54
133211|(0.15, 0.06, 0.79)|15.53
133212|(0.43, 0.57, 0.00)|26.75
133213|(0.29, 0.32, 0.39)|10.36
133214|(0.03, 0.37, 0.60)|16.81
133215|(0.21, 0.22, 0.57)|15.63
133216|(0.34, 0.00, 0.66)|21.23
133222|(0.58, 0.23, 0.19)|15.42
133223|(0.24, 0.48, 0.28)|19.07
133225|(0.66, 0.00, 0.34)|13.08
133226|(0.28, 0.10, 0.62)|11.79
133227|(0.30, 0.14, 0.56)|12.29
133228|(0.58, 0.10, 0.32)|11.58
133229|(0.39, 0.08, 0.53)|12.70
133230|(0.03, 0.00, 0.97)|16.92
133232|(0.59, 0.11, 0.30)|10.81
133235|(0.00, 0.01, 0.99)|17.66
133237|(0.33, 0.50, 0.17)|18.77
133238|(0.05, 0.10, 0.85)|12.60
133239|(0.00, 0.08, 0.92)|82.48
133240|(0.13, 0.30, 0.57)|16.70
133241|(0.19, 0.19, 0.62)|14.84
133242|(0.73, 0.15, 0.12)|16.83
133244|(0.00, 0.92, 0.08)|74.33
133245|(0.00, 0.53, 0.47)|16.19
133246|(0.40, 0.12, 0.48)|14.64
133248|(0.05, 0.07, 0.88)|12.92
133249|(0.03, 0.23, 0.74)|16.08
133250|(0.02, 0.17, 0.81)|11.73
133251|(0.01, 0.59, 0.40)|20.22
133252|(0.00, 0.07, 0.93)|10.06
133253|(0.00, 0.26, 0.74)|39.41
133255|(0.16, 0.02, 0.82)|62.11
133256|(0.05, 0.06, 0.89)|8.26
133257|(0.07, 0.04, 0.89)|9.18
133259|(0.00, 0.66, 0.34)|26.41
133260|(0.33, 0.23, 0.44)|18.00
133264|(0.06, 0.23, 0.71)|11.98
133265|(0.68, 0.00, 0.32)|14.85
133266|(0.00, 0.07, 0.93)|10.22
133267|(0.27, 0.07, 0.66)|11.18
133268|(0.55, 0.04, 0.41)|13.08
133269|(0.05, 0.07, 0.88)|11.39
133270|(0.00, 0.46, 0.54)|16.35
133271|(0.00, 0.12, 0.88)|10.29
133272|(0.05, 0.27, 0.68)|10.47
133273|(0.00, 0.69, 0.31)|21.98
133274|(0.41, 0.09, 0.50)|10.89
133275|(0.71, 0.10, 0.19)|22.85
133276|(0.65, 0.15, 0.20)|11.07
133277|(0.22, 0.00, 0.78)|10.93
133279|(0.05, 0.00, 0.95)|13.83
133280|(0.20, 0.01, 0.79)|14.12
133281|(0.22, 0.00, 0.78)|13.44
133282|(0.00, 0.08, 0.92)|13.32
133283|(0.00, 0.94, 0.06)|36.61
133284|(0.56, 0.25, 0.19)|15.26
133285|(0.42, 0.19, 0.39)|13.79
133286|(0.06, 0.17, 0.77)|21.12
133287|(0.08, 0.00, 0.92)|7.83
133288|(0.20, 0.22, 0.58)|14.83
133289|(0.00, 0.39, 0.61)|16.71
133290|(0.03, 0.22, 0.75)|12.66
133292|(0.08, 0.01, 0.91)|7.62
133293|(0.04, 0.51, 0.45)|15.36
133294|(0.00, 0.25, 0.75)|13.44
133295|(0.11, 0.01, 0.88)|7.81
133296|(0.24, 0.05, 0.71)|9.02
133297|(0.06, 0.00, 0.94)|8.46
133298|(0.04, 0.00, 0.96)|8.56
133299|(0.00, 0.10, 0.90)|11.92
133300|(0.23, 0.08, 0.69)|11.14
133301|(0.20, 0.16, 0.64)|23.43
133302|(0.13, 0.06, 0.81)|11.24
133303|(0.04, 0.76, 0.20)|22.99
133304|(0.31, 0.00, 0.69)|12.29
133305|(0.00, 0.64, 0.36)|17.23
133306|(0.29, 0.29, 0.42)|13.48
133308|(0.00, 0.34, 0.66)|17.60
133309|(0.47, 0.07, 0.46)|12.85
133310|(0.28, 0.03, 0.69)|11.56
133311|(0.50, 0.30, 0.20)|13.51
133312|(0.00, 0.50, 0.50)|19.79
133313|(0.43, 0.22, 0.35)|13.79
133314|(0.34, 0.05, 0.61)|13.93
133315|(0.18, 0.05, 0.77)|9.33
133316|(0.05, 0.29, 0.66)|15.02
133317|(0.28, 0.59, 0.13)|23.16
133318|(0.00, 0.45, 0.55)|204.19
133319|(0.09, 0.22, 0.69)|10.22
133320|(0.43, 0.21, 0.36)|39.65
133321|(0.13, 0.37, 0.50)|18.38
133322|(0.20, 0.46, 0.34)|17.13
133323|(0.00, 0.82, 0.18)|31.44
133324|(0.00, 0.50, 0.50)|24.46
133325|(0.00, 0.25, 0.75)|12.73
133326|(1.00, 0.00, 0.00)|216.04
133327|(0.17, 0.51, 0.32)|18.45
133328|(0.00, 0.00, 1.00)|20.66
133330|(0.00, 0.20, 0.80)|31.72
133331|(0.00, 0.12, 0.88)|14.31
133332|(0.32, 0.04, 0.64)|9.72
133333|(0.15, 0.02, 0.83)|11.58
133334|(0.07, 0.06, 0.87)|8.07
133335|(0.79, 0.04, 0.17)|15.19
133336|(0.12, 0.58, 0.30)|13.43
133337|(0.37, 0.20, 0.43)|18.16
133338|(0.00, 0.26, 0.74)|8.40
133340|(0.00, 1.00, 0.00)|22.57
133341|(0.45, 0.21, 0.34)|10.82
133342|(0.00, 0.12, 0.88)|6.55
133343|(0.10, 0.33, 0.57)|15.19
133344|(0.39, 0.61, 0.00)|34.03
133345|(0.49, 0.23, 0.28)|15.80
133346|(0.11, 0.11, 0.78)|11.41
133347|(0.00, 0.68, 0.32)|17.07
133348|(0.56, 0.13, 0.31)|14.74
133349|(0.03, 0.43, 0.54)|11.37
133350|(0.00, 0.15, 0.85)|9.48
133351|(0.13, 0.36, 0.51)|14.44
133352|(0.01, 0.38, 0.61)|13.37
133353|(0.40, 0.24, 0.36)|15.72
133354|(0.08, 0.05, 0.87)|9.23
133355|(0.00, 0.80, 0.20)|18.75
133356|(0.01, 0.00, 0.99)|7.33
133357|(0.27, 0.22, 0.51)|12.28
133358|(0.04, 0.48, 0.48)|10.85
133359|(0.00, 0.00, 1.00)|7.08
133360|(0.36, 0.43, 0.21)|16.90
133361|(0.75, 0.25, 0.00)|11.55
133363|(0.35, 0.00, 0.65)|17.57
133364|(0.00, 0.61, 0.39)|45.98
133365|(0.37, 0.23, 0.40)|11.25
133366|(0.00, 0.00, 1.00)|223.96
133367|(0.03, 0.01, 0.96)|8.72
133368|(0.01, 0.03, 0.96)|16.47
133369|(0.20, 0.13, 0.67)|10.41
133370|(0.50, 0.14, 0.36)|14.30
133371|(0.00, 0.06, 0.94)|10.18
133372|(0.00, 0.17, 0.83)|7.99
133373|(0.02, 0.04, 0.94)|9.67
133374|(0.10, 0.16, 0.74)|6.98
133375|(0.00, 0.94, 0.06)|28.39
133376|(0.40, 0.11, 0.49)|9.71
133377|(0.01, 0.10, 0.89)|14.19
133378|(0.00, 0.23, 0.77)|16.52
133379|(0.77, 0.07, 0.16)|11.24
133380|(0.06, 0.84, 0.10)|29.61
133381|(0.12, 0.29, 0.59)|11.71
133383|(0.00, 0.04, 0.96)|12.01
133384|(0.00, 0.00, 1.00)|12.39
133385|(0.05, 0.00, 0.95)|7.67
133386|(0.06, 0.06, 0.88)|6.93
133387|(0.76, 0.24, 0.00)|24.80
133388|(0.05, 0.02, 0.93)|9.29
133393|(0.00, 0.03, 0.97)|7.58
133394|(0.19, 0.35, 0.46)|11.83
133395|(0.00, 0.00, 1.00)|12.84
133396|(0.07, 0.02, 0.91)|6.47
133397|(0.32, 0.20, 0.48)|8.87
133399|(0.00, 0.23, 0.77)|12.42
133400|(0.33, 0.03, 0.64)|10.19
133401|(0.00, 0.12, 0.88)|11.96
133402|(0.00, 0.29, 0.71)|17.95
133403|(0.00, 0.11, 0.89)|11.24
133404|(0.01, 0.00, 0.99)|8.10
133405|(0.10, 0.03, 0.87)|8.21
133406|(0.00, 0.04, 0.96)|10.68
133407|(0.07, 0.16, 0.77)|7.46
133408|(0.07, 0.00, 0.93)|8.28
133409|(0.05, 0.35, 0.60)|9.87
133410|(0.00, 0.02, 0.98)|13.68
133411|(0.15, 0.00, 0.85)|8.66
133425|(0.00, 0.07, 0.93)|8.41
133426|(0.00, 0.12, 0.88)|69.86
133433|(0.00, 0.09, 0.91)|10.47
133434|(0.39, 0.61, 0.00)|23.70
133436|(0.00, 1.00, 0.00)|26.79
133437|(0.00, 0.61, 0.39)|21.23
133438|(0.57, 0.27, 0.16)|12.51
133439|(0.39, 0.26, 0.35)|13.26
133440|(0.00, 0.36, 0.64)|17.86
133441|(0.07, 0.39, 0.54)|8.92
133442|(0.00, 0.47, 0.53)|12.79
133443|(0.41, 0.39, 0.20)|11.00
133444|(0.00, 0.50, 0.50)|15.42
133445|(0.34, 0.14, 0.52)|13.47
133446|(0.22, 0.31, 0.47)|14.88
133447|(0.00, 1.00, 0.00)|32.18
133448|(0.38, 0.28, 0.34)|14.96
133449|(0.00, 0.96, 0.04)|25.54
133450|(0.41, 0.02, 0.57)|9.01
133451|(0.50, 0.03, 0.47)|10.53
133452|(0.00, 0.08, 0.92)|18.70
133453|(0.00, 0.02, 0.98)|10.14
133454|(0.04, 0.08, 0.88)|14.37
133455|(0.02, 0.05, 0.93)|8.49
133456|(0.27, 0.38, 0.35)|18.11
133457|(0.24, 0.10, 0.66)|9.51
133458|(0.43, 0.15, 0.42)|8.41
133459|(0.43, 0.19, 0.38)|9.83
133460|(0.32, 0.11, 0.57)|11.94
133461|(0.10, 0.12, 0.78)|11.20
133462|(0.02, 0.23, 0.75)|13.67
133463|(0.45, 0.48, 0.07)|93.51
133464|(0.00, 0.78, 0.22)|61.47
133465|(0.00, 0.35, 0.65)|12.71
133468|(0.00, 0.18, 0.82)|14.65
133469|(0.55, 0.07, 0.38)|11.25
133470|(0.72, 0.04, 0.24)|11.94
133471|(0.01, 0.04, 0.95)|8.72
133472|(0.72, 0.27, 0.01)|11.05
133473|(0.00, 0.02, 0.98)|10.25
133474|(0.00, 0.09, 0.91)|14.53
133475|(0.00, 0.39, 0.61)|15.60
133476|(0.00, 0.12, 0.88)|18.16
133477|(0.00, 0.09, 0.91)|12.11
133478|(0.00, 0.44, 0.56)|18.12
133479|(0.23, 0.25, 0.52)|12.09
133480|(0.38, 0.39, 0.23)|12.80
133481|(0.00, 0.35, 0.65)|17.78
133482|(0.00, 0.97, 0.03)|82.43
133483|(0.22, 0.29, 0.49)|19.34
133484|(0.34, 0.29, 0.37)|36.40
133485|(0.54, 0.21, 0.25)|16.64
133486|(0.35, 0.35, 0.30)|15.20
133487|(0.22, 0.35, 0.43)|8.35
133488|(0.00, 0.72, 0.28)|24.82
133489|(0.55, 0.19, 0.26)|13.37
133490|(0.00, 0.61, 0.39)|57.31
133491|(0.02, 0.00, 0.98)|67.18
133492|(0.00, 0.83, 0.17)|20.69
133493|(0.00, 0.81, 0.19)|20.74
133494|(0.55, 0.05, 0.40)|13.94
133495|(0.21, 0.31, 0.48)|12.24
133496|(0.43, 0.18, 0.39)|8.35
133497|(0.52, 0.02, 0.46)|12.16
133498|(0.22, 0.09, 0.69)|9.93
133499|(0.00, 0.59, 0.41)|21.44
133501|(0.01, 0.02, 0.97)|8.26
133503|(0.15, 0.08, 0.77)|14.56
133506|(0.45, 0.34, 0.21)|17.84
133507|(0.14, 0.08, 0.78)|11.03
133508|(0.19, 0.11, 0.70)|11.81
133509|(0.00, 0.15, 0.85)|34.53
133510|(0.23, 0.22, 0.55)|15.50
133511|(0.00, 0.31, 0.69)|34.49
133513|(0.19, 0.19, 0.62)|13.24
133514|(0.34, 0.20, 0.46)|16.68
133515|(0.00, 0.16, 0.84)|8.05
133517|(0.38, 0.62, 0.00)|17.93
133518|(0.00, 0.28, 0.72)|16.02
133519|(0.38, 0.04, 0.58)|12.10
133520|(0.57, 0.05, 0.38)|20.94
133521|(0.02, 0.00, 0.98)|9.19
133522|(0.00, 0.84, 0.16)|57.79
133523|(0.00, 0.06, 0.94)|9.03
133524|(0.06, 0.04, 0.90)|11.43
133525|(0.02, 0.06, 0.92)|6.28
133526|(0.39, 0.36, 0.25)|15.19
133527|(0.55, 0.07, 0.38)|10.25
133528|(0.77, 0.07, 0.16)|13.27
133529|(0.58, 0.12, 0.30)|12.24
133530|(0.58, 0.08, 0.34)|8.38
133531|(0.12, 0.00, 0.88)|9.34
133532|(0.05, 0.19, 0.76)|12.51
133533|(0.19, 0.32, 0.49)|19.35
133534|(0.62, 0.08, 0.30)|11.00
133535|(0.13, 0.14, 0.73)|12.26
133536|(0.82, 0.18, 0.00)|437.22
133539|(0.35, 0.29, 0.36)|26.44
133540|(0.69, 0.28, 0.03)|17.41
133541|(0.40, 0.11, 0.49)|11.83
133542|(0.03, 0.47, 0.50)|23.79
133543|(0.63, 0.07, 0.30)|14.97
133544|(0.05, 0.02, 0.93)|7.20
133545|(0.07, 0.14, 0.79)|10.19
133546|(0.12, 0.03, 0.85)|8.92
133547|(0.54, 0.20, 0.26)|12.16
133548|(0.00, 0.26, 0.74)|9.64
133549|(0.00, 0.15, 0.85)|9.50
133550|(0.15, 0.14, 0.71)|8.62
133551|(0.07, 0.11, 0.82)|11.41
133552|(0.00, 0.23, 0.77)|14.81
133553|(0.13, 0.05, 0.82)|11.00
133554|(0.19, 0.25, 0.56)|15.98
133556|(0.47, 0.00, 0.53)|11.55
133557|(0.46, 0.25, 0.29)|13.81
133558|(0.00, 0.41, 0.59)|16.95
133559|(0.00, 0.12, 0.88)|9.44
133560|(0.21, 0.19, 0.60)|11.79
133561|(0.53, 0.04, 0.43)|9.22
133562|(0.00, 0.35, 0.65)|10.73
133564|(0.09, 0.04, 0.87)|8.78
133565|(0.31, 0.51, 0.18)|16.38
133566|(0.02, 0.03, 0.95)|17.98
133567|(0.20, 0.08, 0.72)|12.14
133568|(0.01, 0.02, 0.97)|9.30
133569|(0.00, 0.19, 0.81)|9.32
133570|(0.63, 0.22, 0.15)|10.46
133571|(0.03, 0.27, 0.70)|8.22
133572|(0.00, 0.64, 0.36)|33.53
133573|(0.33, 0.15, 0.52)|13.13
133574|(0.10, 0.13, 0.77)|13.33
133575|(0.72, 0.08, 0.20)|10.42
133576|(0.00, 0.22, 0.78)|11.21
133577|(0.58, 0.27, 0.15)|11.62
133578|(0.11, 0.07, 0.82)|12.49
133579|(0.13, 0.07, 0.80)|10.80
133582|(0.36, 0.22, 0.42)|14.80
133583|(0.30, 0.00, 0.70)|20.30
133584|(0.02, 0.10, 0.88)|11.52
133589|(0.81, 0.19, -0.00)|13.02
133591|(0.97, 0.03, 0.00)|14.51
133592|(0.10, 0.05, 0.85)|7.70
133593|(0.80, 0.11, 0.09)|11.84
133594|(0.20, 0.06, 0.74)|12.09
133595|(0.00, 0.00, 1.00)|380.09
133596|(0.20, 0.08, 0.72)|12.32
133597|(0.16, 0.17, 0.67)|6.86
133598|(0.00, 0.21, 0.79)|10.44
133599|(0.00, 0.51, 0.49)|14.20
133600|(0.00, 0.44, 0.56)|12.22
133601|(0.67, 0.13, 0.20)|13.04
133602|(0.98, 0.02, 0.00)|16.15
133603|(0.36, 0.00, 0.64)|12.00
133604|(0.97, 0.03, 0.00)|22.61
133605|(0.41, 0.15, 0.44)|9.85
133606|(0.10, 0.09, 0.81)|13.84
133607|(0.28, 0.29, 0.43)|10.53
133608|(0.00, 0.31, 0.69)|11.95
133609|(0.40, 0.06, 0.54)|12.88
133610|(0.36, 0.14, 0.50)|13.06
133611|(0.17, 0.01, 0.82)|9.57
133612|(0.61, 0.28, 0.11)|17.77
133613|(0.88, 0.12, 0.00)|15.46
133614|(0.03, 0.08, 0.89)|7.32
133615|(0.93, 0.07, -0.00)|12.64
133616|(0.04, 0.10, 0.86)|8.05
133617|(0.05, 0.07, 0.88)|7.58
133618|(0.89, 0.08, 0.03)|14.20
133619|(0.21, 0.02, 0.77)|9.09
133620|(0.61, 0.29, 0.10)|12.82
133621|(1.00, 0.00, 0.00)|15.31
133625|(0.74, 0.16, 0.10)|16.00
133626|(0.35, 0.24, 0.41)|13.22
133627|(0.34, 0.22, 0.44)|15.35
133628|(0.96, 0.03, 0.01)|17.43
133629|(0.02, 0.05, 0.93)|10.16
133630|(0.24, 0.12, 0.64)|11.55
133631|(0.09, 0.21, 0.70)|11.81
133632|(0.00, 0.24, 0.76)|9.52
133633|(0.11, 0.20, 0.69)|12.10
133634|(0.00, 0.17, 0.83)|8.44
133635|(0.12, 0.52, 0.36)|19.58
133636|(0.13, 0.21, 0.66)|13.20
133637|(0.00, 0.13, 0.87)|9.14
133638|(0.00, 0.41, 0.59)|11.28
133639|(0.00, 0.00, 1.00)|61.73
133640|(0.92, 0.08, -0.00)|22.09
133641|(0.30, 0.07, 0.63)|12.16
133642|(0.90, 0.00, 0.10)|13.35
133643|(0.04, 0.29, 0.67)|12.41
133644|(0.16, 0.09, 0.75)|9.04
133645|(0.06, 0.03, 0.91)|11.15
133646|(0.10, 0.18, 0.72)|13.04
133647|(0.02, 0.06, 0.92)|7.48
133649|(0.25, 0.39, 0.36)|13.41
133650|(0.85, 0.05, 0.10)|10.25
133651|(0.10, 0.17, 0.73)|8.65
133652|(0.03, 0.09, 0.88)|8.22
133653|(0.27, 0.24, 0.49)|10.57
133655|(0.33, 0.27, 0.40)|9.50
133656|(0.19, 0.11, 0.70)|8.14
133657|(0.00, 0.26, 0.74)|10.67
133659|(0.09, 0.04, 0.87)|9.80
133660|(0.10, 0.44, 0.46)|16.25
133661|(0.42, 0.30, 0.28)|16.23
133662|(0.00, 0.10, 0.90)|103.84
133663|(0.29, 0.16, 0.55)|12.14
133664|(0.41, 0.13, 0.46)|8.77
133666|(0.00, 0.44, 0.56)|11.05
133667|(0.00, 0.04, 0.96)|12.32
133668|(0.00, 0.43, 0.57)|13.45
133669|(0.00, 0.08, 0.92)|13.30
133670|(0.10, 0.08, 0.82)|8.06
133671|(0.66, 0.21, 0.13)|12.90
133672|(0.00, 0.15, 0.85)|13.32
133673|(0.12, 0.11, 0.77)|9.00
133674|(0.52, 0.08, 0.40)|7.00
133675|(0.02, 0.11, 0.87)|16.33
133676|(0.69, 0.31, 0.00)|20.42
133677|(0.05, 0.23, 0.72)|11.54
133678|(0.06, 0.05, 0.89)|8.74
133679|(0.83, 0.07, 0.10)|9.39
133680|(0.88, 0.12, 0.00)|13.58
133681|(0.07, 0.12, 0.81)|12.22
133682|(0.46, 0.27, 0.27)|12.98
133684|(0.38, 0.00, 0.62)|20.32
133685|(0.45, 0.11, 0.44)|8.60
133686|(0.12, 0.02, 0.86)|6.15
133688|(0.53, 0.19, 0.28)|17.26
133689|(0.05, 0.12, 0.83)|9.00
133690|(0.03, 0.07, 0.90)|10.20
133691|(0.00, 0.09, 0.91)|10.43
133693|(0.02, 0.07, 0.91)|10.34
133694|(0.00, 0.19, 0.81)|27.01
133695|(0.00, 0.00, 1.00)|1031.13
133696|(1.00, 0.00, 0.00)|12.84
133697|(0.00, 0.19, 0.81)|12.07
133698|(0.06, 0.02, 0.92)|7.43
133699|(0.05, 0.21, 0.74)|13.32
133700|(0.85, 0.00, 0.15)|15.39
133701|(0.00, 0.33, 0.67)|17.99
133702|(0.10, 0.07, 0.83)|8.53
133703|(0.04, 0.07, 0.89)|8.08
133704|(0.86, 0.14, 0.00)|13.48
133706|(0.45, 0.18, 0.37)|10.92
133707|(0.17, 0.08, 0.75)|13.11
133708|(0.00, 0.31, 0.69)|18.46
133709|(0.36, 0.18, 0.46)|17.17
133710|(0.29, 0.08, 0.63)|9.93
133711|(0.66, 0.22, 0.12)|15.14
133712|(0.63, 0.21, 0.16)|12.85
133713|(0.37, 0.50, 0.13)|13.41
133714|(0.38, 0.62, 0.00)|13.80
133715|(0.99, 0.00, 0.01)|11.61
133716|(0.71, 0.29, 0.00)|19.21
133717|(0.53, 0.07, 0.40)|11.95
133718|(0.76, 0.04, 0.20)|10.38
133719|(0.94, 0.00, 0.06)|10.81
133720|(0.02, 0.05, 0.93)|10.17
133721|(0.00, 0.19, 0.81)|9.76
133722|(0.00, 1.00, 0.00)|468.93
133723|(0.00, 0.17, 0.83)|8.18
133724|(0.17, 0.00, 0.83)|9.67
133725|(0.86, 0.00, 0.14)|14.65
133726|(0.20, 0.80, 0.00)|32.07
133727|(0.00, 0.10, 0.90)|6.73
133728|(0.92, 0.08, -0.00)|12.25
133729|(0.00, 1.00, 0.00)|37.27
133730|(0.04, 0.08, 0.88)|14.28
133732|(0.04, 0.11, 0.85)|8.12
133733|(0.69, 0.30, 0.01)|22.75
133734|(0.00, 0.71, 0.29)|33.61
133735|(0.00, 0.25, 0.75)|13.26
133736|(0.70, 0.03, 0.27)|15.56
133738|(0.08, 0.00, 0.92)|6.90
133739|(0.23, 0.69, 0.08)|21.11
133740|(0.00, 0.87, 0.13)|29.12
133741|(0.00, 0.92, 0.08)|26.90
133742|(0.00, 0.18, 0.82)|10.01
133743|(0.00, 0.06, 0.94)|9.51
133744|(0.03, 0.05, 0.92)|12.54
133745|(0.00, 0.41, 0.59)|16.18
133746|(0.00, 0.93, 0.07)|25.73
133747|(0.05, 0.06, 0.89)|8.57
133748|(0.10, 0.10, 0.80)|7.85
133749|(0.76, 0.15, 0.09)|17.85
133750|(0.88, 0.05, 0.07)|33.63
133751|(0.93, 0.00, 0.07)|11.59
133752|(0.25, 0.28, 0.47)|15.91
133754|(0.92, 0.08, -0.00)|23.44
133755|(0.86, 0.14, 0.00)|17.40
133756|(0.00, 0.15, 0.85)|23.60
133757|(0.10, 0.02, 0.88)|8.77
133758|(0.26, 0.04, 0.70)|13.46
133759|(0.00, 0.19, 0.81)|12.69
133760|(0.00, 0.88, 0.12)|19.44
133761|(0.00, 0.15, 0.85)|37.71
133762|(0.00, 0.23, 0.77)|14.27
133763|(0.34, 0.64, 0.02)|15.91
133764|(0.00, 0.46, 0.54)|12.02
133765|(0.00, 0.74, 0.26)|14.78
133766|(0.00, 0.12, 0.88)|19.21
133768|(0.00, 0.11, 0.89)|16.34
133769|(0.00, 1.00, 0.00)|28.71
133770|(0.00, 0.22, 0.78)|9.95
133771|(0.00, 0.21, 0.79)|7.79
133772|(0.00, 0.76, 0.24)|23.66
133773|(0.00, 0.55, 0.45)|17.00
133774|(0.19, 0.24, 0.57)|8.42
133775|(0.21, 0.55, 0.24)|18.22
133776|(0.58, 0.42, 0.00)|20.75
133777|(0.81, 0.12, 0.07)|15.18
133778|(0.09, 0.59, 0.32)|14.12
133779|(0.00, 0.46, 0.54)|21.69
133780|(0.24, 0.41, 0.35)|18.05
133781|(0.71, 0.23, 0.06)|19.52
133782|(0.00, 0.24, 0.76)|8.19
133783|(0.00, 0.17, 0.83)|8.16
133784|(0.03, 0.30, 0.67)|10.09
133785|(0.18, 0.30, 0.52)|8.11
133786|(0.00, 0.25, 0.75)|9.13
133787|(0.19, 0.03, 0.78)|9.62
133789|(0.51, 0.08, 0.41)|8.87
133790|(0.30, 0.00, 0.70)|7.73
133791|(0.00, 0.12, 0.88)|9.58
133792|(0.00, 0.46, 0.54)|12.02
133793|(0.14, 0.21, 0.65)|10.47
133794|(0.00, 0.29, 0.71)|8.23
133796|(0.72, 0.00, 0.28)|13.47
133797|(1.00, 0.00, 0.00)|124.43
133798|(0.65, 0.08, 0.27)|11.98
133799|(0.03, 0.21, 0.76)|8.95
133800|(0.15, 0.00, 0.85)|8.96
133801|(0.23, 0.14, 0.63)|7.38
133802|(0.00, 0.55, 0.45)|10.30
133803|(0.00, 0.53, 0.47)|10.03
133804|(0.00, 0.35, 0.65)|12.12
133805|(0.81, 0.01, 0.18)|12.23
133806|(0.89, 0.11, -0.00)|13.16
133807|(0.28, 0.29, 0.43)|15.08
133808|(0.81, 0.00, 0.19)|12.73
133809|(0.57, 0.42, 0.01)|19.39
133810|(0.00, 0.21, 0.79)|19.67
133811|(0.76, 0.23, 0.01)|12.94
133812|(0.01, 0.52, 0.47)|12.11
133813|(0.11, 0.63, 0.26)|27.39
134001|(0.89, 0.11, -0.00)|146.91
134002|(0.00, 0.48, 0.52)|12.44
134003|(0.17, 0.26, 0.57)|13.79
134004|(0.10, 0.10, 0.80)|7.41
134005|(0.62, 0.00, 0.38)|9.68
134006|(0.34, 0.10, 0.56)|12.89
134007|(0.05, 0.05, 0.90)|8.58
134008|(0.00, 0.08, 0.92)|9.16
134009|(0.67, 0.09, 0.24)|9.45
134010|(0.00, 0.53, 0.47)|12.66
134011|(0.65, 0.08, 0.27)|18.01
134012|(0.17, 0.06, 0.77)|11.37
134013|(0.40, 0.31, 0.29)|13.78
134014|(0.51, 0.12, 0.37)|9.96
134015|(0.00, 0.58, 0.42)|63.19
134016|(0.06, 0.13, 0.81)|16.40
134017|(0.07, 0.04, 0.89)|17.01
134018|(0.21, 0.03, 0.76)|8.49
134019|(0.07, 0.42, 0.51)|18.08
134020|(0.25, 0.35, 0.40)|13.32
134021|(0.10, 0.29, 0.61)|8.03
134022|(0.17, 0.26, 0.57)|12.63
134023|(0.00, 0.50, 0.50)|16.48
134024|(0.78, 0.00, 0.22)|17.35
134025|(0.73, 0.19, 0.08)|26.51
134026|(0.24, 0.63, 0.13)|18.70
134027|(0.63, 0.01, 0.36)|12.41
134028|(0.37, 0.16, 0.47)|14.54
134029|(0.41, 0.13, 0.46)|10.30
134030|(0.23, 0.13, 0.64)|11.75
134031|(0.59, 0.10, 0.31)|10.68
134032|(0.42, 0.38, 0.20)|17.39
134034|(0.06, 0.00, 0.94)|10.08
134035|(0.22, 0.12, 0.66)|11.93
134036|(0.28, 0.18, 0.54)|8.93
134037|(0.05, 0.01, 0.94)|12.74
134039|(0.00, 0.53, 0.47)|62.77
134040|(0.85, 0.14, 0.01)|241.34
134041|(0.00, 0.14, 0.86)|17.20
134042|(0.01, 0.55, 0.44)|18.08
134043|(0.01, 0.02, 0.97)|10.28
134044|(0.00, 0.07, 0.93)|18.72
134045|(0.05, 0.08, 0.87)|10.22
134047|(0.19, 0.17, 0.64)|16.17
134048|(0.02, 0.04, 0.94)|12.94
134049|(0.00, 0.00, 1.00)|429.43
134050|(0.00, 0.37, 0.63)|26.14
134052|(0.00, 0.67, 0.33)|25.65
134053|(0.24, 0.21, 0.55)|13.70
134054|(0.33, 0.39, 0.28)|22.30
134055|(0.00, 0.64, 0.36)|15.77
134057|(0.07, 0.03, 0.90)|7.94
134058|(0.05, 0.00, 0.95)|9.33
134059|(0.08, 0.02, 0.90)|8.65
134060|(0.03, 0.00, 0.97)|7.91
134061|(0.10, 0.08, 0.82)|23.04
134062|(0.17, 0.06, 0.77)|17.98
134063|(0.00, 0.52, 0.48)|513.31
134064|(1.00, 0.00, 0.00)|296.79
134065|(0.31, 0.69, 0.00)|17.44
134066|(0.10, 0.73, 0.17)|24.17
134067|(0.04, 0.41, 0.55)|13.71
134068|(0.35, 0.18, 0.47)|8.91
134069|(0.32, 0.68, -0.00)|18.94
134070|(0.05, 0.39, 0.56)|44.90
134071|(0.00, 0.00, 1.00)|55.80
134072|(0.32, 0.00, 0.68)|18.74
134073|(0.00, 0.40, 0.60)|81.94
134074|(0.11, 0.00, 0.89)|56.70
134075|(0.39, 0.50, 0.11)|20.59
134076|(0.00, 0.73, 0.27)|23.09
134120|(0.09, 0.12, 0.79)|9.26
134121|(0.00, 0.02, 0.98)|8.48
134122|(0.00, 0.16, 0.84)|14.52
134123|(0.04, 0.13, 0.83)|11.91
134124|(0.00, 0.41, 0.59)|18.31
134125|(0.05, 0.26, 0.69)|12.64
134126|(0.54, 0.02, 0.44)|13.35
134127|(0.88, 0.11, 0.01)|9.83
134128|(0.11, 0.49, 0.40)|12.39
134130|(0.00, 0.60, 0.40)|15.41
134131|(0.17, 0.36, 0.47)|23.43
134132|(0.48, 0.10, 0.42)|14.20
134133|(0.08, 0.92, 0.00)|47.76
134134|(0.00, 0.10, 0.90)|8.66
134135|(0.81, 0.05, 0.14)|13.06
134136|(0.07, 0.08, 0.85)|7.37
134140|(0.04, 0.21, 0.75)|12.04
134141|(0.23, 0.26, 0.51)|11.12
134142|(0.28, 0.35, 0.37)|14.47
134143|(0.00, 0.00, 1.00)|12.06
134144|(0.00, 0.39, 0.61)|105.31
134145|(0.65, 0.35, 0.00)|12.68
134146|(0.58, 0.22, 0.20)|14.09
134147|(0.30, 0.24, 0.46)|12.78
134148|(0.68, 0.32, -0.00)|17.66
134149|(0.03, 0.09, 0.88)|10.46
134150|(0.00, 0.71, 0.29)|14.66
134151|(0.65, 0.35, 0.00)|13.52
134152|(0.00, 0.63, 0.37)|12.70
134153|(0.66, 0.07, 0.27)|14.56
134154|(0.00, 0.00, 1.00)|218.56
134155|(0.43, 0.23, 0.34)|15.13
134156|(0.61, 0.06, 0.33)|13.35
134157|(0.26, 0.50, 0.24)|12.25
134158|(0.00, 0.34, 0.66)|15.19
134159|(0.00, 0.49, 0.51)|23.22
134160|(0.46, 0.25, 0.29)|24.74
134161|(0.00, 0.76, 0.24)|26.21
134162|(0.11, 0.12, 0.77)|9.64
134163|(0.02, 0.27, 0.71)|10.41
134164|(0.50, 0.29, 0.21)|19.83
134166|(0.00, 0.58, 0.42)|18.65
134167|(0.39, 0.53, 0.08)|12.45
134168|(0.42, 0.30, 0.28)|15.17
134169|(0.62, 0.33, 0.05)|16.82
134170|(0.74, 0.11, 0.15)|10.77
134171|(0.00, 0.69, 0.31)|15.28
134172|(0.00, 0.16, 0.84)|13.94
134173|(0.51, 0.12, 0.37)|11.04
134174|(0.76, 0.24, 0.00)|16.93
134175|(0.01, 0.78, 0.21)|23.79
134176|(0.00, 0.12, 0.88)|8.56
134177|(0.18, 0.26, 0.56)|13.72
134178|(0.47, 0.18, 0.35)|13.94
134179|(0.08, 0.05, 0.87)|8.94
134180|(0.24, 0.44, 0.32)|17.12
134181|(0.41, 0.30, 0.29)|18.71
134183|(0.48, 0.05, 0.47)|10.49
134184|(0.73, 0.11, 0.16)|11.78
134185|(0.00, 0.49, 0.51)|19.36
134186|(0.00, 0.60, 0.40)|14.25
134187|(0.00, 0.70, 0.30)|18.13
134188|(0.63, 0.19, 0.18)|11.74
134189|(0.14, 0.60, 0.26)|14.35
134190|(0.00, 0.15, 0.85)|20.01
134192|(0.02, 0.06, 0.92)|8.53
134194|(0.00, 0.06, 0.94)|15.38
134197|(0.34, 0.22, 0.44)|19.06
134199|(0.00, 0.54, 0.46)|242.42
134200|(0.00, 1.00, 0.00)|162.50
134201|(0.95, 0.00, 0.05)|14.53
135001|(0.00, 0.00, 1.00)|21.24
135002|(0.27, 0.08, 0.65)|10.09
135003|(0.00, 0.60, 0.40)|22.71
135004|(0.00, 0.01, 0.99)|297.64
135005|(0.00, 0.58, 0.42)|14.89
135006|(0.00, 0.39, 0.61)|11.14
135007|(0.09, 0.37, 0.54)|19.12
135008|(0.59, 0.21, 0.20)|13.68
135009|(0.00, 0.10, 0.90)|10.89
135010|(0.29, 0.59, 0.12)|66.99
135011|(0.00, 0.41, 0.59)|96.79
135012|(0.00, 0.46, 0.54)|114.92
135013|(0.00, 0.19, 0.81)|13.59
135014|(0.09, 0.03, 0.88)|8.67
135015|(0.25, 0.29, 0.46)|18.81
135016|(0.49, 0.23, 0.28)|18.43
135017|(0.20, 0.26, 0.54)|16.01
135018|(0.00, 0.33, 0.67)|84.52
135019|(0.00, 1.00, 0.00)|208.00
135020|(0.67, 0.30, 0.03)|13.25
135022|(0.03, 0.08, 0.89)|10.02
135023|(0.26, 0.32, 0.42)|17.13
135024|(0.00, 0.42, 0.58)|55.64
135025|(0.50, 0.50, 0.00)|19.24
135026|(0.19, 0.17, 0.64)|14.26
135027|(0.54, 0.02, 0.44)|11.59
135028|(0.64, 0.26, 0.10)|12.90
135029|(0.41, 0.40, 0.19)|16.14
135030|(0.50, 0.34, 0.16)|17.68
135031|(0.64, 0.09, 0.27)|10.08
135032|(0.44, 0.18, 0.38)|11.86
135033|(0.73, 0.19, 0.08)|10.49
135034|(0.00, 0.76, 0.24)|23.35
135035|(0.69, 0.08, 0.23)|14.43
135036|(0.16, 0.57, 0.27)|17.39
135037|(0.32, 0.22, 0.46)|14.85
135038|(0.23, 0.17, 0.60)|17.11
135039|(0.01, 0.76, 0.23)|26.59
135040|(0.25, 0.11, 0.64)|15.55
135041|(0.12, 0.05, 0.83)|11.64
135042|(0.00, 0.46, 0.54)|47.65
135043|(0.33, 0.31, 0.36)|12.94
135044|(0.00, 0.50, 0.50)|25.16
135046|(0.00, 0.69, 0.31)|58.18
135047|(0.07, 0.09, 0.84)|8.50
135049|(0.00, 0.21, 0.79)|104.14
135051|(0.00, 0.67, 0.33)|22.31
135053|(0.00, 0.39, 0.61)|12.39
135054|(0.07, 0.02, 0.91)|10.32
135055|(0.38, 0.51, 0.11)|15.51
135056|(0.54, 0.46, -0.00)|31.46
135057|(0.00, 0.45, 0.55)|14.46
135058|(0.39, 0.27, 0.34)|15.29
135059|(0.39, 0.25, 0.36)|11.37
135068|(0.20, 0.14, 0.66)|14.82
135069|(0.71, 0.08, 0.21)|10.79
135070|(0.02, 0.03, 0.95)|8.93
135072|(0.30, 0.07, 0.63)|12.50
135075|(0.00, 0.39, 0.61)|27.25
135076|(0.38, 0.42, 0.20)|11.62
135801|(0.08, 0.04, 0.88)|37.78
135802|(0.00, 0.59, 0.41)|15.96
136602|(0.92, 0.00, 0.08)|16.76
136603|(0.91, 0.00, 0.09)|12.92
136801|(0.00, 0.31, 0.69)|13.44
136802|(0.82, 0.09, 0.09)|19.58
136803|(0.00, 0.16, 0.84)|11.11
136804|(0.00, 0.94, 0.06)|22.31
136805|(0.16, 0.21, 0.63)|10.42
136806|(0.16, 0.84, 0.00)|26.80
136807|(0.29, 0.33, 0.38)|14.76
136808|(0.22, 0.10, 0.68)|11.49
136809|(0.00, 0.05, 0.95)|7.34
136810|(0.91, 0.00, 0.09)|16.18
136811|(0.91, 0.04, 0.05)|13.52
136812|(0.00, 0.30, 0.70)|9.89
136813|(0.95, 0.05, 0.00)|25.06
136814|(0.43, 0.21, 0.36)|19.26
136815|(0.31, 0.46, 0.23)|21.49
136853|(0.86, 0.13, 0.01)|16.36
136872|(0.41, 0.57, 0.02)|15.55
136875|(0.00, 0.30, 0.70)|13.11
136876|(0.00, 0.16, 0.84)|10.09
136877|(0.00, 0.03, 0.97)|8.69
136878|(0.00, 0.52, 0.48)|14.36
136879|(0.08, 0.46, 0.46)|12.48
136880|(0.33, 0.23, 0.44)|15.31
136897|(0.00, 0.16, 0.84)|7.99
136901|(0.00, 0.09, 0.91)|13.16
136902|(0.00, 0.07, 0.93)|9.89
136904|(0.25, 0.27, 0.48)|8.10
136905|(0.00, 0.26, 0.74)|14.75
136906|(0.32, 0.00, 0.68)|10.50
136907|(0.00, 0.53, 0.47)|12.29
136908|(0.00, 0.15, 0.85)|17.32
136909|(0.03, 0.08, 0.89)|7.29
136910|(0.00, 0.51, 0.49)|11.54
136911|(0.28, 0.10, 0.62)|9.32
136912|(0.00, 0.13, 0.87)|9.97
136915|(0.30, 0.15, 0.55)|10.95
136916|(0.00, 0.40, 0.60)|18.63
136917|(0.00, 0.70, 0.30)|22.00
136920|(0.00, 0.63, 0.37)|9.23
136921|(1.00, 0.00, 0.00)|25.22
136922|(0.00, 0.09, 0.91)|521.08
136926|(0.44, 0.31, 0.25)|13.60
136927|(0.00, 0.88, 0.12)|26.75
136930|(0.00, 0.18, 0.82)|9.94
136931|(0.00, 0.87, 0.13)|20.72
136936|(0.86, 0.14, 0.00)|13.56
136937|(0.98, 0.00, 0.02)|15.92
136938|(0.99, 0.01, 0.00)|13.60
136939|(0.00, 0.32, 0.68)|15.09
136940|(0.09, 0.28, 0.63)|7.29
136941|(0.00, 0.51, 0.49)|11.59
136942|(0.93, 0.00, 0.07)|14.46
136945|(0.19, 0.59, 0.22)|21.40
137001|(0.04, 0.09, 0.87)|9.78
137002|(0.77, 0.11, 0.12)|12.52
138001|(0.00, 0.16, 0.84)|7.55
139201|(0.81, 0.09, 0.10)|21.46
139202|(0.82, 0.01, 0.17)|18.02
139407|(0.20, 0.09, 0.71)|9.46
139801|(0.00, 0.37, 0.63)|12.44
140402|(0.00, 0.32, 0.68)|13.47
141002|(0.04, 0.03, 0.93)|8.85
141801|(0.02, 0.08, 0.90)|8.37
143001|(0.00, 0.25, 0.75)|21.56
143602|(0.66, 0.33, 0.01)|18.56
145001|(0.00, 0.05, 0.95)|8.88
145801|(0.00, 0.00, 1.00)|130.93
150210|(0.53, 0.47, 0.00)|26.44
150402|(0.00, 0.77, 0.23)|20.74
150601|(0.11, 0.89, 0.00)|75.29
151801|(0.67, 0.21, 0.12)|222.23
151802|(0.86, 0.14, 0.00)|113.11
152001|(0.21, 0.06, 0.73)|7.91
153001|(0.00, 0.13, 0.87)|10.35
153002|(0.03, 0.35, 0.62)|6.73
153810|(0.73, 0.16, 0.11)|17.92
153812|(0.00, 0.35, 0.65)|11.47
154401|(0.00, 0.24, 0.76)|12.29
155001|(0.76, 0.00, 0.24)|10.39
155002|(0.41, 0.07, 0.52)|15.37
155003|(0.03, 0.03, 0.94)|9.09
155004|(0.79, 0.06, 0.15)|18.72
155005|(0.03, 0.12, 0.85)|13.07
155006|(0.35, 0.27, 0.38)|20.82
155007|(0.76, 0.00, 0.24)|12.17
155008|(0.17, 0.61, 0.22)|20.48
155009|(0.64, 0.36, 0.00)|408.34
155010|(0.58, 0.12, 0.30)|13.24
155011|(0.89, 0.04, 0.07)|20.12
155012|(0.94, 0.00, 0.06)|15.04
155013|(0.80, 0.01, 0.19)|15.89
155014|(0.95, 0.05, 0.00)|12.02
155015|(0.79, 0.07, 0.14)|13.33
155016|(0.72, 0.21, 0.07)|16.17
155017|(0.60, 0.16, 0.24)|16.29
155018|(0.64, 0.18, 0.18)|22.27
155019|(0.10, 0.00, 0.90)|11.66
155020|(0.75, 0.12, 0.13)|13.96
155021|(0.34, 0.39, 0.27)|12.41
155022|(0.51, 0.04, 0.45)|12.61
155023|(0.54, 0.07, 0.39)|13.59
155024|(0.00, 0.40, 0.60)|17.09
155025|(0.72, 0.03, 0.25)|12.16
155026|(0.57, 0.43, 0.00)|21.88
155027|(0.62, 0.17, 0.21)|17.14
155028|(0.45, 0.17, 0.38)|17.76
155029|(0.19, 0.24, 0.57)|16.35
155030|(0.69, 0.04, 0.27)|17.45
155031|(0.76, 0.12, 0.12)|15.27
155032|(0.77, 0.00, 0.23)|15.79
155033|(0.76, 0.00, 0.24)|13.47
155034|(0.27, 0.50, 0.23)|12.99
155035|(0.10, 0.28, 0.62)|15.33
155036|(0.88, 0.00, 0.12)|11.40
155037|(0.60, 0.06, 0.34)|15.33
155038|(0.22, 0.12, 0.66)|15.57
155039|(0.24, 0.11, 0.65)|13.66
155040|(0.00, 0.18, 0.82)|16.87
155041|(0.00, 0.21, 0.79)|29.24
155042|(0.00, 0.06, 0.94)|12.30
155043|(0.00, 0.29, 0.71)|14.03
155044|(0.12, 0.17, 0.71)|7.31
155045|(0.27, 0.37, 0.36)|15.53
155046|(0.00, 0.53, 0.47)|16.81
155047|(0.20, 0.03, 0.77)|12.39
155048|(0.02, 0.11, 0.87)|8.98
155049|(0.00, 0.04, 0.96)|10.70
155050|(0.58, 0.04, 0.38)|13.34
155051|(0.08, 0.08, 0.84)|10.62
155052|(0.14, 0.04, 0.82)|14.63
155053|(0.04, 0.00, 0.96)|14.42
155054|(0.51, 0.03, 0.46)|13.94
155055|(0.00, 0.31, 0.69)|13.38
155056|(0.00, 0.40, 0.60)|13.36
155057|(0.00, 0.00, 1.00)|14.72
155058|(0.00, 0.00, 1.00)|9.35
155059|(0.18, 0.05, 0.77)|15.49
155060|(0.20, 0.03, 0.77)|9.85
155061|(0.00, 0.05, 0.95)|11.84
155062|(0.19, 0.21, 0.60)|18.31
155064|(0.07, 0.03, 0.90)|9.68
155065|(0.00, 1.00, 0.00)|409.46
155066|(0.00, 0.05, 0.95)|11.57
155067|(0.00, 0.54, 0.46)|26.02
155069|(0.00, 1.00, 0.00)|154.81
155070|(0.06, 0.18, 0.76)|9.75
155071|(0.00, 0.21, 0.79)|15.48
155072|(0.00, 0.36, 0.64)|139.34
155073|(0.08, 0.00, 0.92)|8.85
155074|(0.34, 0.07, 0.59)|9.82
155075|(0.00, 0.58, 0.42)|10.26
155076|(0.42, 0.00, 0.58)|9.06
155077|(0.63, 0.24, 0.13)|13.09
155078|(0.84, 0.11, 0.05)|17.07
155079|(0.89, 0.00, 0.11)|17.59
155080|(0.87, 0.06, 0.07)|22.76
155081|(0.90, 0.06, 0.04)|16.70
155082|(0.64, 0.00, 0.36)|8.94
155083|(0.02, 0.25, 0.73)|11.71
155084|(0.01, 0.12, 0.87)|9.50
155085|(0.00, 0.07, 0.93)|10.61
155086|(0.00, 0.00, 1.00)|12.72
155087|(0.22, 0.43, 0.35)|16.47
155088|(0.17, 0.11, 0.72)|12.93
155089|(0.65, 0.07, 0.28)|10.48
155090|(0.03, 0.48, 0.49)|15.95
155091|(0.00, 0.74, 0.26)|21.98
155092|(0.00, 0.14, 0.86)|12.64
155093|(0.54, 0.19, 0.27)|14.88
155094|(0.84, 0.05, 0.11)|12.78
155095|(0.35, 0.06, 0.59)|12.48
155096|(0.20, 0.03, 0.77)|13.37
155097|(0.38, 0.15, 0.47)|14.82
155098|(0.11, 0.40, 0.49)|21.11
155099|(0.01, 0.17, 0.82)|9.09
155100|(0.28, 0.21, 0.51)|9.59
155101|(0.77, 0.23, -0.00)|67.73
155102|(0.14, 0.05, 0.81)|10.67
155103|(0.00, 0.46, 0.54)|15.32
155104|(0.00, 0.04, 0.96)|650.89
155105|(0.48, 0.10, 0.42)|8.55
155106|(0.00, 0.57, 0.43)|88.84
155107|(0.00, 0.00, 1.00)|111.83
155108|(0.03, 0.07, 0.90)|8.81
155109|(0.00, 0.00, 1.00)|100.00
155110|(0.00, 0.00, 1.00)|51.27
155111|(0.18, 0.11, 0.71)|10.16
155112|(0.17, 0.17, 0.66)|12.66
155113|(0.22, 0.67, 0.11)|19.96
155114|(0.21, 0.62, 0.17)|21.43
155115|(0.49, 0.24, 0.27)|19.79
155116|(0.02, 0.49, 0.49)|20.41
155117|(0.00, 0.79, 0.21)|35.20
155119|(0.33, 0.11, 0.56)|15.46
155120|(0.53, 0.33, 0.14)|17.52
155121|(0.30, 0.38, 0.32)|21.73
155122|(0.08, 0.02, 0.90)|7.10
155123|(0.00, 0.31, 0.69)|8.75
155124|(0.00, 0.63, 0.37)|10.91
155125|(0.36, 0.46, 0.18)|17.77
155126|(0.00, 0.48, 0.52)|13.40
155127|(0.00, 0.77, 0.23)|107.45
155128|(0.22, 0.51, 0.27)|17.83
155129|(0.29, 0.12, 0.59)|11.92
155130|(0.69, 0.22, 0.09)|20.99
155131|(0.00, 0.41, 0.59)|11.96
155132|(0.51, 0.06, 0.43)|18.01
155133|(0.52, 0.12, 0.36)|17.62
155134|(0.00, 1.00, 0.00)|20.36
155135|(0.14, 0.03, 0.83)|6.80
155136|(0.00, 0.36, 0.64)|12.15
155137|(0.00, 0.12, 0.88)|11.15
156401|(0.00, 0.17, 0.83)|13.86
157202|(0.00, 1.00, 0.00)|10410.25
157601|(0.08, 0.08, 0.84)|8.60
158201|(0.30, 0.07, 0.63)|13.71
158401|(0.79, 0.13, 0.08)|22.28
158601|(0.00, 0.16, 0.84)|10.35
159002|(0.00, 1.00, 0.00)|98.41
159004|(0.19, 0.21, 0.60)|14.05
159201|(0.08, 0.18, 0.74)|6.87
159202|(0.37, 0.24, 0.39)|24.41
159203|(0.62, 0.38, 0.00)|18.08
160005|(0.29, 0.31, 0.40)|14.19
160006|(0.20, 0.24, 0.56)|308.54
160007|(0.00, 0.20, 0.80)|14.40
160008|(0.00, 0.48, 0.52)|11.38
160010|(0.30, 0.33, 0.37)|21.14
160012|(0.00, 0.74, 0.26)|28.20
160014|(1.00, 0.00, 0.00)|654.18
160015|(0.00, 0.30, 0.70)|26.72
160017|(0.00, 0.79, 0.21)|83.45
160018|(0.74, 0.26, 0.00)|200.67
160019|(0.00, 0.56, 0.44)|21.91
160020|(0.00, 0.32, 0.68)|14.56
160022|(0.01, 0.13, 0.86)|10.98
160023|(0.02, 0.26, 0.72)|14.91
160024|(0.06, 0.09, 0.85)|15.00
160025|(0.00, 0.16, 0.84)|12.24
160026|(0.00, 0.10, 0.90)|15.82
160027|(0.05, 0.12, 0.83)|11.88
160028|(0.00, 0.28, 0.72)|19.09
160029|(0.00, 0.37, 0.63)|26.73
160030|(0.00, 0.66, 0.34)|16.21
160031|(0.00, 0.36, 0.64)|11.66
160032|(0.14, 0.70, 0.16)|14.28
160033|(0.00, 0.27, 0.73)|16.09
160034|(0.00, 0.10, 0.90)|13.92
160035|(0.00, 0.14, 0.86)|15.12
160037|(0.10, 0.10, 0.80)|11.53
160040|(0.03, 0.52, 0.45)|27.60
160041|(0.05, 0.44, 0.51)|12.72
160042|(0.00, 0.42, 0.58)|21.80
160043|(0.00, 0.48, 0.52)|25.89
160044|(0.00, 0.36, 0.64)|23.55
160045|(0.02, 0.51, 0.47)|11.90
160046|(0.00, 0.31, 0.69)|14.36
160048|(0.00, 0.48, 0.52)|16.08
160049|(0.00, 0.42, 0.58)|17.02
160050|(0.00, 0.25, 0.75)|19.52
160051|(0.00, 0.16, 0.84)|19.12
160052|(0.18, 0.21, 0.61)|31.30
160053|(0.00, 0.77, 0.23)|126.00
160056|(0.00, 0.45, 0.55)|31.91
160058|(0.06, 0.05, 0.89)|13.75
160059|(0.00, 1.00, 0.00)|153.34
160060|(0.00, 0.41, 0.59)|30.49
160061|(0.31, 0.17, 0.52)|12.03
160062|(0.00, 0.26, 0.74)|14.44
160063|(0.62, 0.38, 0.00)|97.81
160064|(0.00, 0.20, 0.80)|16.15
160065|(0.01, 0.45, 0.54)|13.37
160067|(0.33, 0.00, 0.67)|10.11
160068|(0.02, 0.06, 0.92)|14.32
160069|(0.00, 0.26, 0.74)|19.61
160070|(0.00, 0.25, 0.75)|30.79
160071|(0.00, 0.32, 0.68)|15.25
160073|(0.15, 0.07, 0.78)|12.89
160074|(0.00, 0.00, 1.00)|12.70
160076|(0.00, 1.00, 0.00)|154.31
160413|(0.44, 0.35, 0.21)|11.88
160414|(0.00, 0.63, 0.37)|14.53
161201|(0.43, 0.20, 0.37)|20.07
161203|(0.50, 0.30, 0.20)|21.19
161801|(0.08, 0.47, 0.45)|13.29
161802|(0.58, 0.04, 0.38)|23.22
162601|(0.53, 0.08, 0.39)|18.34
162602|(0.04, 0.30, 0.66)|8.15
162620|(0.00, 0.34, 0.66)|46.51
162622|(0.55, 0.17, 0.28)|18.48
162624|(0.91, 0.09, -0.00)|26.11
163001|(0.02, 0.05, 0.93)|7.60
163002|(0.10, 0.15, 0.75)|7.92
163003|(0.70, 0.30, 0.00)|12.37
163004|(0.45, 0.10, 0.45)|11.33
163005|(0.02, 0.05, 0.93)|7.35
163201|(0.20, 0.17, 0.63)|20.55
163202|(0.14, 0.42, 0.44)|23.02
163205|(0.00, 0.22, 0.78)|25.65
163206|(0.11, 0.42, 0.47)|14.07
163207|(0.48, 0.22, 0.30)|14.66
163208|(0.31, 0.16, 0.53)|18.79
163210|(0.56, 0.01, 0.43)|16.13
163211|(1.00, 0.00, 0.00)|24.07
163212|(0.00, 0.07, 0.93)|14.81
163213|(0.07, 0.28, 0.65)|22.45
163218|(0.22, 0.00, 0.78)|16.64
163223|(0.47, 0.18, 0.35)|13.72
163224|(0.41, 0.11, 0.48)|14.15
163403|(0.21, 0.36, 0.43)|20.36
163404|(0.06, 0.22, 0.72)|11.60
163405|(0.33, 0.28, 0.39)|19.93
163406|(0.50, 0.31, 0.19)|19.40
163407|(0.52, 0.29, 0.19)|19.67
163408|(0.55, 0.00, 0.45)|43.52
163409|(0.42, 0.35, 0.23)|15.76
163410|(0.35, 0.22, 0.43)|13.54
163623|(0.25, 0.31, 0.44)|12.84
163624|(0.48, 0.43, 0.09)|17.56
163625|(0.54, 0.46, -0.00)|19.84
163803|(0.31, 0.20, 0.49)|15.48
163805|(0.42, 0.58, 0.00)|42.81
163806|(0.35, 0.52, 0.13)|27.80
165002|(0.34, 0.32, 0.34)|9.37
165003|(0.53, 0.12, 0.35)|20.88
165004|(0.54, 0.46, -0.00)|30.33
165210|(0.09, 0.31, 0.60)|133.40
165211|(0.02, 0.01, 0.97)|267.74
165212|(0.31, 0.69, 0.00)|64.62
165610|(0.31, 0.00, 0.69)|102.53
166002|(0.00, 0.82, 0.18)|14.77
166003|(0.00, 0.03, 0.97)|26.48
167601|(0.00, 1.00, 0.00)|58.72
168201|(0.02, 0.23, 0.75)|71.22
168202|(0.14, 0.06, 0.80)|80.01
169013|(0.00, 0.68, 0.32)|385.11
169014|(0.00, 0.67, 0.33)|137.71
169801|(0.00, 0.54, 0.46)|180.44
170001|(0.00, 0.00, 1.00)|100.00
170002|(0.00, 0.00, 1.00)|100.00
170003|(0.00, 0.96, 0.04)|52.01
170004|(0.02, 0.89, 0.09)|53.54
170005|(0.00, 1.00, 0.00)|55.27
170006|(0.00, 0.65, 0.35)|40.56
170007|(0.00, 0.00, 1.00)|100.00
170009|(0.00, 0.00, 1.00)|45.01
170030|(0.09, 0.10, 0.81)|29.64
170032|(0.00, 0.00, 1.00)|100.00
170033|(0.00, 0.00, 1.00)|100.00
170401|(0.00, 0.46, 0.54)|44.53
170804|(0.00, 1.00, 0.00)|51.82
171008|(0.00, 1.00, 0.00)|70.17
171010|(0.02, 0.35, 0.63)|37.28
171011|(0.04, 0.76, 0.20)|43.81
171012|(0.00, 0.00, 1.00)|35.21
171601|(0.00, 0.00, 1.00)|69.61
171602|(0.05, 0.00, 0.95)|76.46
171802|(0.00, 1.00, 0.00)|68.74
171803|(0.00, 1.00, 0.00)|44.59
171804|(0.00, 0.97, 0.03)|41.90
171805|(0.00, 1.00, 0.00)|49.45
171806|(0.00, 1.00, 0.00)|80.09
172816|(0.00, 1.00, 0.00)|66.71
172823|(0.00, 0.12, 0.88)|61.56
173402|(0.00, 0.00, 1.00)|100.00
174404|(0.00, 0.00, 1.00)|100.00
174801|(0.00, 0.00, 1.00)|100.00
175001|(0.00, 0.00, 1.00)|100.00
1751|(0.25, 0.21, 0.54)|14.11
1752|(0.32, 0.02, 0.66)|9.04
1756|(0.03, 0.06, 0.91)|6.37
1765|(0.78, 0.10, 0.12)|13.95
1767|(0.14, 0.16, 0.70)|10.87
1768|(0.15, 0.00, 0.85)|8.80
1770|(0.87, 0.00, 0.13)|14.03
1772|(0.00, 0.21, 0.79)|17.65
1774|(0.00, 0.45, 0.55)|11.67
1775|(1.00, 0.00, 0.00)|48.73
1776|(0.48, 0.07, 0.45)|12.44
1777|(0.09, 0.00, 0.91)|7.26
1779|(0.93, 0.01, 0.06)|19.25
1780|(0.00, 0.11, 0.89)|12.87
1781|(0.02, 0.00, 0.98)|7.25
1783|(0.92, 0.02, 0.06)|17.30
1785|(0.00, 0.46, 0.54)|18.34
1788|(0.63, 0.21, 0.16)|11.44
1789|(0.30, 0.17, 0.53)|30.58
1791|(0.23, 0.77, 0.00)|73.02
1794|(0.42, 0.06, 0.52)|22.12
1798|(0.22, 0.00, 0.78)|15.50
1801|(0.06, 0.00, 0.94)|10.55
1803|(0.02, 0.39, 0.59)|23.53
1805|(0.26, 0.74, 0.00)|67.71
1808|(0.84, 0.00, 0.16)|16.69
1809|(0.00, 0.42, 0.58)|68.91
1810|(0.39, 0.43, 0.18)|22.74
1811|(0.54, 0.00, 0.46)|20.74
1814|(0.43, 0.01, 0.56)|9.61
1822|(0.00, 0.79, 0.21)|53.57
1823|(0.04, 0.04, 0.92)|12.26
1827|(0.00, 0.32, 0.68)|18.32
1828|(0.68, 0.00, 0.32)|20.66
1830|(0.22, 0.00, 0.78)|12.71
1831|(0.55, 0.00, 0.45)|16.95
1833|(0.32, 0.10, 0.58)|44.75
1834|(0.03, 0.34, 0.63)|14.74
1835|(0.06, 0.19, 0.75)|13.05
1837|(0.10, 0.15, 0.75)|12.02
1845|(0.35, 0.40, 0.25)|14.15
1846|(0.33, 0.05, 0.62)|12.46
1855|(0.09, 0.31, 0.60)|21.19
1856|(0.00, 0.40, 0.60)|16.03
1858|(0.00, 0.23, 0.77)|19.89
1859|(0.34, 0.28, 0.38)|28.47
1861|(0.04, 0.13, 0.83)|13.25
1862|(0.00, 0.10, 0.90)|17.03
1863|(0.70, 0.21, 0.09)|18.71
1864|(0.63, 0.37, 0.00)|18.68
1867|(0.63, 0.01, 0.36)|12.59
1871|(0.00, 0.80, 0.20)|53.42
1872|(0.34, 0.04, 0.62)|13.87
1873|(0.00, 0.22, 0.78)|27.02
1874|(0.22, 0.30, 0.48)|11.68
1875|(0.12, 0.00, 0.88)|11.94
1876|(0.99, 0.00, 0.01)|22.72
1880|(0.14, 0.00, 0.86)|15.85
1881|(0.33, 0.02, 0.65)|15.44
1882|(0.00, 0.25, 0.75)|15.45
1883|(0.00, 0.25, 0.75)|12.45
1884|(0.00, 0.26, 0.74)|21.47
1885|(0.00, 0.50, 0.50)|27.92
1886|(0.64, 0.13, 0.23)|13.29
1887|(0.03, 0.03, 0.94)|20.64
1888|(0.00, 0.03, 0.97)|13.51
1889|(0.00, 0.43, 0.57)|15.98
1890|(0.00, 0.34, 0.66)|12.40
1891|(0.00, 0.31, 0.69)|205.60
1892|(0.12, 0.60, 0.28)|14.62
1893|(0.00, 0.40, 0.60)|15.67
1894|(0.00, 0.44, 0.56)|18.59
1895|(0.00, 0.24, 0.76)|12.93
1896|(0.22, 0.05, 0.73)|10.29
1897|(0.00, 0.18, 0.82)|12.82
1898|(0.00, 0.08, 0.92)|19.99
1899|(0.00, 0.15, 0.85)|19.12
1900|(0.10, 0.29, 0.61)|11.83
1901|(0.00, 0.51, 0.49)|15.63
1904|(0.00, 0.31, 0.69)|16.03
1905|(0.01, 0.11, 0.88)|10.56
1906|(0.22, 0.49, 0.29)|305.06
1907|(0.00, 0.37, 0.63)|54.70
1908|(0.00, 0.27, 0.73)|15.88
1909|(0.00, 0.16, 0.84)|11.69
1910|(0.00, 0.07, 0.93)|17.10
1911|(0.39, 0.40, 0.21)|20.15
1912|(0.00, 0.46, 0.54)|20.39
1913|(0.00, 0.14, 0.86)|29.21
1914|(0.15, 0.05, 0.80)|12.44
1915|(0.00, 1.00, 0.00)|29.31
1916|(0.00, 0.16, 0.84)|13.40
1917|(0.31, 0.15, 0.54)|18.04
1918|(0.04, 0.14, 0.82)|8.96
1919|(0.00, 0.29, 0.71)|21.18
1920|(0.00, 0.20, 0.80)|10.03
1921|(0.00, 0.51, 0.49)|25.85
1935|(0.00, 0.48, 0.52)|195.54
1941|(0.93, 0.07, -0.00)|19.06
1943|(0.00, 0.91, 0.09)|25.46
1947|(0.33, 0.24, 0.43)|7.74
1948|(0.66, 0.04, 0.30)|16.52
1949|(0.21, 0.14, 0.65)|9.00
1954|(0.00, 0.20, 0.80)|13.14
1955|(0.00, 0.48, 0.52)|9.75
1956|(0.00, 0.30, 0.70)|15.71
1957|(0.00, 0.27, 0.73)|12.43
1959|(0.41, 0.30, 0.29)|15.34
1960|(0.22, 0.09, 0.69)|10.76
1963|(0.81, 0.05, 0.14)|11.50
1964|(0.72, 0.10, 0.18)|14.06
1969|(0.37, 0.17, 0.46)|9.40
1973|(0.00, 0.48, 0.52)|14.18
1974|(0.00, 0.44, 0.56)|22.91
1975|(0.00, 0.62, 0.38)|19.17
1978|(0.58, 0.06, 0.36)|18.84
1979|(0.53, 0.31, 0.16)|14.05
1992|(0.70, 0.19, 0.11)|15.61
1997|(0.66, 0.11, 0.23)|13.94
2092|(0.00, 0.27, 0.73)|13.71
2118|(0.12, 0.29, 0.59)|14.99
2136|(0.60, 0.28, 0.12)|21.12
2147|(0.12, 0.29, 0.59)|12.99
2150|(0.00, 0.41, 0.59)|11.25
2153|(0.25, 0.06, 0.69)|10.61
2155|(1.00, 0.00, 0.00)|188.00
2165|(0.00, 0.15, 0.85)|9.51
2167|(0.08, 0.08, 0.84)|10.24
2174|(0.08, 0.21, 0.71)|10.77
2177|(0.47, 0.00, 0.53)|14.90
2190|(0.17, 0.02, 0.81)|11.47
2192|(0.27, 0.00, 0.73)|7.97
2193|(0.16, 0.00, 0.84)|8.52
2195|(0.00, 0.00, 1.00)|15.27
2200|(0.02, 0.09, 0.89)|8.07
2202|(0.18, 0.00, 0.82)|6.36
2206|(0.00, 0.07, 0.93)|8.91
2211|(0.78, 0.22, -0.00)|32.80
2223|(0.20, 0.45, 0.35)|12.70
2226|(0.13, 0.07, 0.80)|7.37
2230|(0.00, 0.61, 0.39)|15.55
2231|(0.38, 0.17, 0.45)|10.98
2235|(0.00, 0.54, 0.46)|9.70
2243|(0.00, 0.08, 0.92)|11.90
2246|(0.00, 0.16, 0.84)|8.85
2248|(0.02, 0.00, 0.98)|9.79
2250|(0.54, 0.12, 0.34)|9.54
2252|(0.23, 0.32, 0.45)|19.44
2263|(0.21, 0.36, 0.43)|10.73
2266|(0.25, 0.39, 0.36)|18.80
2267|(0.48, 0.17, 0.35)|14.82
2271|(0.50, 0.50, 0.00)|24.69
2273|(0.00, 0.14, 0.86)|13.54
2276|(0.00, 0.17, 0.83)|8.01
2285|(0.33, 0.46, 0.21)|17.09
2287|(0.01, 0.00, 0.99)|7.44
2300|(0.00, 0.29, 0.71)|8.90
2301|(0.00, 0.24, 0.76)|10.99
2302|(0.00, 0.02, 0.98)|10.96
2304|(0.62, 0.09, 0.29)|19.63
2306|(0.00, 0.82, 0.18)|28.99
2307|(0.00, 0.26, 0.74)|11.24
2309|(0.18, 0.40, 0.42)|12.40
2312|(0.00, 0.25, 0.75)|9.85
2322|(0.07, 0.07, 0.86)|12.87
2326|(0.33, 0.67, -0.00)|13.62
2447|(0.24, 0.39, 0.37)|16.46
2451|(0.50, 0.25, 0.25)|11.80
2452|(0.01, 0.05, 0.94)|11.92
2458|(0.55, 0.26, 0.19)|14.68
2546|(0.00, 0.88, 0.12)|54.01
2548|(0.18, 0.62, 0.20)|11.72
2549|(0.77, 0.22, 0.01)|9.81
2588|(0.01, 0.05, 0.94)|9.53
2602|(0.01, 0.18, 0.81)|9.45
2603|(0.00, 0.32, 0.68)|14.33
2604|(0.89, 0.11, -0.00)|23.28
2605|(0.22, 0.11, 0.67)|8.88
2606|(0.00, 0.49, 0.51)|29.00
2607|(0.34, 0.19, 0.47)|10.39
2608|(0.42, 0.03, 0.55)|10.46
2609|(0.65, 0.11, 0.24)|9.85
2610|(0.00, 0.33, 0.67)|9.86
2611|(0.86, 0.14, 0.00)|24.65
2612|(0.00, 0.00, 1.00)|7.34
2613|(0.28, 0.65, 0.07)|18.21
2614|(0.45, 0.04, 0.51)|11.71
2615|(0.29, 0.47, 0.24)|17.10
2616|(0.52, 0.22, 0.26)|14.66
2646|(0.35, 0.00, 0.65)|21.47
2648|(0.74, 0.04, 0.22)|148.85
2649|(0.52, 0.05, 0.43)|11.19
2651|(0.00, 0.52, 0.48)|31.99
2653|(0.55, 0.15, 0.30)|8.24
2654|(0.90, 0.10, -0.00)|16.18
2660|(0.61, 0.19, 0.20)|12.62
2662|(0.62, 0.13, 0.25)|13.45
2664|(0.46, 0.54, 0.00)|24.73
2668|(0.00, 0.28, 0.72)|11.32
2669|(0.08, 0.42, 0.50)|15.28
2674|(0.00, 0.55, 0.45)|17.46
2685|(0.02, 0.52, 0.46)|16.50
2707|(0.70, 0.29, 0.01)|11.18
2709|(0.28, 0.19, 0.53)|11.73
2711|(0.00, 0.00, 1.00)|9.19
2713|(0.00, 0.31, 0.69)|9.56
2715|(0.09, 0.88, 0.03)|32.87
2717|(1.00, 0.00, 0.00)|1055.66
2722|(0.26, 0.51, 0.23)|23.88
2726|(0.00, 0.16, 0.84)|11.14
2729|(0.01, 0.00, 0.99)|8.87
2735|(0.00, 0.00, 1.00)|829.58
2736|(0.14, 0.38, 0.48)|11.83
2738|(0.02, 0.11, 0.87)|6.67
2740|(0.61, 0.10, 0.29)|16.79
2741|(0.00, 0.22, 0.78)|11.97
2743|(0.57, 0.03, 0.40)|12.71
2745|(0.00, 0.59, 0.41)|16.97
2747|(0.11, 0.69, 0.20)|37.27
2749|(0.45, 0.25, 0.30)|12.78
2750|(0.22, 0.12, 0.66)|15.98
2789|(0.00, 0.23, 0.77)|9.52
2827|(0.00, 0.52, 0.48)|9.07
2828|(0.00, 0.62, 0.38)|19.97
2830|(0.00, 0.20, 0.80)|10.45
2873|(0.00, 0.34, 0.66)|9.40
2874|(0.00, 0.47, 0.53)|15.47
2875|(0.15, 0.04, 0.81)|12.34
2876|(0.00, 0.24, 0.76)|7.83
2877|(0.41, 0.10, 0.49)|8.83
2879|(1.00, 0.00, 0.00)|100.95
2880|(0.00, 0.16, 0.84)|15.81
2882|(0.45, 0.40, 0.15)|18.26
2883|(0.00, 0.57, 0.43)|13.10
2886|(0.03, 0.14, 0.83)|6.96
2887|(0.00, 0.18, 0.82)|10.24
2888|(0.39, 0.53, 0.08)|15.77
2889|(0.00, 0.33, 0.67)|18.34
2890|(0.53, 0.13, 0.34)|10.22
2891|(0.00, 0.54, 0.46)|14.71
2892|(0.00, 0.50, 0.50)|17.13
2893|(0.00, 0.49, 0.51)|32.73
2894|(0.01, 0.12, 0.87)|10.54
2896|(0.00, 0.18, 0.82)|9.10
2899|(0.16, 0.46, 0.38)|31.39
2900|(0.44, 0.32, 0.24)|14.03
2901|(0.00, 0.53, 0.47)|22.87
2902|(0.00, 0.06, 0.94)|14.37
2903|(0.02, 0.14, 0.84)|9.23
2904|(0.00, 0.73, 0.27)|19.62
2905|(0.00, 0.65, 0.35)|28.27
2906|(0.05, 0.33, 0.62)|19.43
2907|(0.00, 0.61, 0.39)|17.87
2908|(0.25, 0.32, 0.43)|15.26
2909|(0.34, 0.34, 0.32)|16.42
2910|(0.00, 0.22, 0.78)|12.82
2911|(0.04, 0.05, 0.91)|7.67
2912|(0.13, 0.13, 0.74)|10.82
2930|(0.79, 0.01, 0.20)|23.48
2982|(0.10, 0.78, 0.12)|27.82
2987|(0.84, 0.06, 0.10)|18.03
2988|(0.00, 0.08, 0.92)|16.96
2992|(1.00, 0.00, 0.00)|199.86
2993|(0.08, 0.57, 0.35)|14.24
2994|(0.00, 0.70, 0.30)|969.95
2995|(0.00, 0.03, 0.97)|31.04
2996|(0.04, 0.16, 0.80)|15.53
2997|(0.04, 0.12, 0.84)|13.41
2998|(0.00, 0.01, 0.99)|7.64
2999|(0.21, 0.58, 0.21)|22.53
3000|(0.52, 0.44, 0.04)|16.07
3002|(0.76, 0.24, 0.00)|28.19
3004|(0.57, 0.40, 0.03)|16.23
3006|(0.00, 0.51, 0.49)|28.56
3007|(0.00, 0.57, 0.43)|670.65
3008|(0.00, 0.56, 0.44)|12.72
3009|(0.00, 0.37, 0.63)|26.59
3011|(0.00, 0.45, 0.55)|18.44
3023|(0.23, 0.01, 0.76)|33.88
3024|(0.00, 0.21, 0.79)|14.23
3031|(0.00, 0.38, 0.62)|15.78
3048|(0.00, 0.72, 0.28)|236.79
3049|(0.00, 0.09, 0.91)|11.85
3050|(0.74, 0.23, 0.03)|21.99
3052|(0.59, 0.07, 0.34)|20.71
3054|(0.55, 0.27, 0.18)|14.30
3055|(0.00, 1.00, 0.00)|310.70
3056|(0.15, 0.34, 0.51)|57.25
3057|(0.09, 0.19, 0.72)|18.73
3059|(0.16, 0.49, 0.35)|30.41
3060|(0.00, 0.36, 0.64)|30.70
3062|(0.18, 0.06, 0.76)|10.88
3063|(0.00, 0.24, 0.76)|9.43
3064|(0.08, 0.33, 0.59)|13.88
3065|(0.00, 0.11, 0.89)|12.90
3066|(0.00, 0.64, 0.36)|22.85
3067|(0.41, 0.33, 0.26)|16.20
3124|(0.00, 0.28, 0.72)|28.62
3125|(0.00, 0.71, 0.29)|128.40
3126|(0.04, 0.18, 0.78)|12.09
3127|(0.05, 0.27, 0.68)|11.58
3129|(0.00, 0.56, 0.44)|15.46
3132|(0.07, 0.15, 0.78)|10.31
3133|(0.00, 0.45, 0.55)|21.31
3135|(0.07, 0.00, 0.93)|8.03
3136|(0.00, 0.59, 0.41)|16.99
3137|(0.17, 0.12, 0.71)|14.18
3138|(0.12, 0.36, 0.52)|8.46
3139|(0.06, 0.01, 0.93)|14.06
3140|(0.74, 0.04, 0.22)|18.06
31401|(0.72, 0.08, 0.20)|18.31
3141|(0.00, 0.57, 0.43)|68.83
3142|(0.22, 0.78, 0.00)|21.50
3143|(0.00, 0.62, 0.38)|11.15
3144|(0.00, 0.33, 0.67)|12.64
3145|(0.00, 0.74, 0.26)|151.84
3146|(0.51, 0.35, 0.14)|14.86
3148|(0.15, 0.46, 0.39)|10.43
3150|(0.00, 0.62, 0.38)|18.86
3152|(0.13, 0.12, 0.75)|11.36
3153|(0.00, 0.23, 0.77)|13.47
3154|(0.04, 0.08, 0.88)|12.71
3155|(0.07, 0.19, 0.74)|11.68
3156|(0.00, 0.34, 0.66)|15.53
3158|(0.08, 0.05, 0.87)|11.78
3159|(0.00, 0.60, 0.40)|23.54
3160|(0.00, 1.00, 0.00)|9746.02
3161|(0.00, 1.00, 0.00)|10169.99
3163|(0.11, 0.23, 0.66)|9.63
3165|(0.00, 0.52, 0.48)|12.99
3168|(0.11, 0.19, 0.70)|13.52
3169|(0.02, 0.15, 0.83)|13.76
3170|(0.00, 0.72, 0.28)|24.65
3171|(0.00, 0.30, 0.70)|10.68
3172|(0.00, 0.74, 0.26)|147.09
3173|(0.00, 0.61, 0.39)|18.23
3174|(0.17, 0.42, 0.41)|12.77
3175|(0.09, 0.11, 0.80)|10.57
3176|(0.00, 0.16, 0.84)|11.49
3177|(0.00, 0.91, 0.09)|21.98
3179|(0.00, 0.23, 0.77)|13.38
3189|(0.00, 0.41, 0.59)|382.20
3205|(0.78, 0.09, 0.13)|14.86
3206|(0.69, 0.07, 0.24)|10.57
3207|(0.73, 0.00, 0.27)|23.09
3208|(0.00, 0.37, 0.63)|14.14
3209|(0.11, 0.83, 0.06)|83.67
3211|(0.25, 0.18, 0.57)|21.62
3212|(0.00, 0.14, 0.86)|11.94
3213|(0.09, 0.12, 0.79)|10.51
3214|(0.13, 0.12, 0.75)|16.00
3215|(0.00, 0.24, 0.76)|15.20
3216|(0.01, 0.01, 0.98)|12.68
3217|(0.00, 0.46, 0.54)|25.91
3218|(0.02, 0.11, 0.87)|13.76
3220|(0.00, 0.41, 0.59)|15.74
3221|(0.20, 0.08, 0.72)|10.39
3222|(0.00, 0.09, 0.91)|10.51
3230|(0.05, 0.36, 0.59)|11.64
3247|(0.00, 0.29, 0.71)|17.77
3256|(0.00, 0.11, 0.89)|15.31
3274|(0.00, 0.43, 0.57)|12.70
3275|(0.00, 0.47, 0.53)|21.80
3276|(0.49, 0.00, 0.51)|18.55
3309|(0.04, 0.13, 0.83)|17.50
3311|(0.42, 0.38, 0.20)|13.02
3312|(0.57, 0.00, 0.43)|11.41
3313|(0.74, 0.14, 0.12)|11.74
3314|(0.07, 0.11, 0.82)|8.32
3315|(0.26, 0.14, 0.60)|7.37
3316|(0.38, 0.14, 0.48)|7.95
3317|(0.12, 0.02, 0.86)|6.81
3318|(0.07, 0.00, 0.93)|8.66
3319|(0.02, 0.00, 0.98)|5.51
3320|(0.32, 0.62, 0.06)|12.88
3321|(0.21, 0.34, 0.45)|15.46
3322|(0.17, 0.60, 0.23)|13.40
3323|(0.04, 0.18, 0.78)|9.97
3324|(0.12, 0.00, 0.88)|10.91
3325|(0.22, 0.05, 0.73)|6.63
3326|(0.53, 0.33, 0.14)|14.89
3327|(0.58, 0.00, 0.42)|9.34
3328|(0.16, 0.00, 0.84)|9.09
3329|(0.60, 0.07, 0.33)|8.68
3330|(0.00, 0.60, 0.40)|10.83
3331|(0.01, 0.17, 0.82)|8.95
3332|(0.01, 0.24, 0.75)|11.76
3336|(0.20, 0.05, 0.75)|7.30
3337|(0.00, 0.03, 0.97)|10.19
3338|(0.03, 0.05, 0.92)|7.03
3339|(0.00, 0.21, 0.79)|10.37
3340|(0.00, 0.07, 0.93)|10.22
3341|(0.01, 0.08, 0.91)|9.81
3342|(0.00, 0.26, 0.74)|8.83
3343|(0.34, 0.35, 0.31)|23.07
3344|(0.15, 0.24, 0.61)|22.04
3346|(0.07, 0.00, 0.93)|7.52
3347|(0.29, 0.31, 0.40)|6.65
3348|(0.35, 0.07, 0.58)|5.48
3349|(0.00, 0.23, 0.77)|11.67
3350|(0.71, 0.00, 0.29)|9.87
3351|(0.20, 0.02, 0.78)|8.30
3352|(0.39, 0.02, 0.59)|9.11
3354|(0.75, 0.00, 0.25)|13.61
3355|(0.67, 0.10, 0.23)|9.16
3356|(0.43, 0.00, 0.57)|9.78
3357|(0.72, 0.09, 0.19)|15.75
3358|(0.73, 0.00, 0.27)|9.90
3359|(0.47, 0.53, 0.00)|23.06
3360|(0.12, 0.80, 0.08)|22.22
3361|(0.00, 0.65, 0.35)|12.16
3363|(0.00, 0.09, 0.91)|9.22
3364|(0.13, 0.00, 0.87)|6.08
3365|(0.00, 0.00, 1.00)|9.25
3366|(0.00, 0.29, 0.71)|10.92
3367|(0.42, 0.28, 0.30)|13.71
3368|(0.12, 0.01, 0.87)|8.96
3369|(0.00, 0.24, 0.76)|178.72
3370|(0.06, 0.10, 0.84)|8.12
3371|(0.04, 0.05, 0.91)|15.18
3372|(0.70, 0.19, 0.11)|12.66
3373|(0.19, 0.10, 0.71)|9.34
3374|(0.81, 0.10, 0.09)|18.75
3375|(0.70, 0.30, 0.00)|27.22
3376|(0.45, 0.17, 0.38)|8.63
3377|(0.30, 0.41, 0.29)|10.27
3379|(0.00, 0.12, 0.88)|13.75
3380|(0.13, 0.00, 0.87)|8.22
3381|(0.10, 0.19, 0.71)|11.63
3388|(0.16, 0.20, 0.64)|9.67
3389|(0.00, 0.23, 0.77)|14.12
3392|(0.00, 0.43, 0.57)|13.65
3393|(0.00, 0.57, 0.43)|11.54
3394|(0.46, 0.00, 0.54)|12.80
3395|(1.00, 0.00, 0.00)|130.24
3396|(0.55, 0.01, 0.44)|11.46
3397|(0.00, 0.68, 0.32)|15.91
3399|(0.11, 0.04, 0.85)|9.07
3400|(0.55, 0.16, 0.29)|10.77
3401|(0.00, 0.63, 0.37)|12.59
3408|(0.00, 0.52, 0.48)|281.68
3410|(0.21, 0.33, 0.46)|11.05
3411|(0.41, 0.33, 0.26)|12.65
3412|(0.27, 0.14, 0.59)|14.91
3415|(0.00, 0.57, 0.43)|18.67
3424|(0.51, 0.47, 0.02)|13.55
3425|(0.10, 0.16, 0.74)|13.21
3430|(0.00, 0.36, 0.64)|18.40
3431|(0.46, 0.54, 0.00)|20.80
3435|(0.00, 0.66, 0.34)|16.85
3437|(0.00, 0.52, 0.48)|19.90
3438|(0.09, 0.06, 0.85)|8.76
3441|(0.62, 0.04, 0.34)|9.66
3442|(0.25, 0.30, 0.45)|10.06
3443|(0.12, 0.18, 0.70)|8.92
3444|(0.21, 0.22, 0.57)|22.20
3445|(0.18, 0.22, 0.60)|8.99
3446|(0.23, 0.16, 0.61)|8.47
3447|(0.11, 0.31, 0.58)|11.60
3448|(0.00, 0.69, 0.31)|77.11
3449|(0.42, 0.43, 0.15)|28.15
3451|(0.34, 0.21, 0.45)|18.13
3452|(0.00, 0.34, 0.66)|12.36
3453|(0.00, 0.79, 0.21)|20.92
3454|(0.33, 0.32, 0.35)|14.66
3455|(0.00, 0.36, 0.64)|13.04
3456|(0.23, 0.07, 0.70)|20.11
3457|(0.26, 0.22, 0.52)|10.05
3458|(0.00, 0.18, 0.82)|15.31
3459|(0.00, 0.62, 0.38)|17.44
3462|(0.14, 0.19, 0.67)|9.49
3495|(0.00, 0.83, 0.17)|23.49
3496|(0.00, 0.08, 0.92)|16.03
3497|(0.11, 0.50, 0.39)|10.23
3498|(0.00, 0.40, 0.60)|10.02
35001|(0.58, 0.28, 0.14)|13.24
3504|(0.00, 0.72, 0.28)|25.59
3511|(0.00, 0.27, 0.73)|19.92
3540|(0.76, 0.09, 0.15)|11.27
35401|(0.40, 0.39, 0.21)|15.58
35403|(0.78, 0.11, 0.11)|15.80
3542|(0.75, 0.11, 0.14)|14.94
3543|(0.00, 0.50, 0.50)|13.92
3544|(0.00, 0.28, 0.72)|9.92
3545|(0.00, 0.60, 0.40)|16.68
35804|(0.11, 0.30, 0.59)|12.02
3595|(0.25, 0.20, 0.55)|9.82
3596|(0.58, 0.00, 0.42)|10.74
36001|(0.01, 0.61, 0.38)|14.35
36002|(0.00, 0.45, 0.55)|24.41
36004|(0.01, 0.00, 0.99)|8.91
3605|(0.28, 0.35, 0.37)|25.56
3634|(0.09, 0.85, 0.06)|29.22
36401|(0.00, 0.18, 0.82)|14.04
3645|(0.28, 0.52, 0.20)|23.81
3651|(0.14, 0.09, 0.77)|8.04
3654|(0.00, 0.12, 0.88)|9.32
3658|(0.00, 0.14, 0.86)|11.00
3659|(0.32, 0.11, 0.57)|9.17
3660|(0.00, 0.41, 0.59)|39.03
3714|(0.06, 0.07, 0.87)|8.87
3715|(0.00, 0.09, 0.91)|12.66
3722|(0.00, 0.08, 0.92)|10.34
3723|(0.00, 0.32, 0.68)|19.05
3725|(0.05, 0.07, 0.88)|10.79
3729|(0.32, 0.00, 0.68)|6.94
3730|(0.21, 0.03, 0.76)|11.04
3731|(0.34, 0.02, 0.64)|9.96
3733|(0.25, 0.00, 0.75)|8.43
3734|(0.66, 0.00, 0.34)|6.48
3737|(0.27, 0.00, 0.73)|10.55
3738|(0.71, 0.00, 0.29)|11.87
3739|(0.35, 0.18, 0.47)|9.07
3740|(0.49, 0.16, 0.35)|17.70
37401|(0.00, 0.90, 0.10)|25.25
3741|(0.44, 0.11, 0.45)|16.29
3743|(0.38, 0.00, 0.62)|11.10
3745|(0.00, 0.21, 0.79)|11.23
3747|(0.08, 0.15, 0.77)|8.88
3748|(0.75, 0.00, 0.25)|17.12
3749|(0.15, 0.08, 0.77)|5.95
3750|(0.40, 0.01, 0.59)|8.48
3755|(0.00, 0.54, 0.46)|11.54
3756|(0.00, 0.47, 0.53)|385.07
3758|(0.00, 0.74, 0.26)|36.34
3759|(0.00, 0.40, 0.60)|23.48
3760|(0.00, 0.48, 0.52)|28.16
3762|(0.41, 0.21, 0.38)|20.98
3763|(0.19, 0.40, 0.41)|18.77
3764|(0.00, 0.50, 0.50)|30.55
3765|(0.00, 0.01, 0.99)|28.17
3766|(0.00, 0.14, 0.86)|24.24
3767|(0.00, 0.42, 0.58)|18.33
3779|(0.00, 0.00, 1.00)|29.55
3781|(0.00, 0.17, 0.83)|21.70
3797|(1.00, 0.00, 0.00)|128.53
3802|(0.35, 0.03, 0.62)|10.17
3803|(0.00, 0.41, 0.59)|9.52
3804|(0.40, 0.00, 0.60)|13.64
3805|(0.00, 0.07, 0.93)|8.00
3807|(0.00, 0.25, 0.75)|14.56
3808|(0.27, 0.50, 0.23)|10.88
3809|(0.22, 0.17, 0.61)|6.48
3811|(0.00, 0.17, 0.83)|10.29
3813|(0.40, 0.09, 0.51)|12.70
3814|(0.30, 0.00, 0.70)|8.41
3815|(0.77, 0.00, 0.23)|9.97
3816|(0.54, 0.46, -0.00)|25.09
3817|(0.43, 0.10, 0.47)|8.52
3818|(0.08, 0.15, 0.77)|12.72
3819|(0.05, 0.03, 0.92)|9.53
3821|(0.00, 0.67, 0.33)|22.22
3822|(0.49, 0.10, 0.41)|12.15
3824|(0.07, 0.27, 0.66)|11.10
3827|(0.00, 0.36, 0.64)|11.46
3831|(0.93, 0.00, 0.07)|19.05
3832|(0.64, 0.28, 0.08)|20.32
3836|(0.00, 0.26, 0.74)|9.10
3839|(0.15, 0.11, 0.74)|9.15
3840|(0.43, 0.14, 0.43)|12.72
3841|(0.15, 0.08, 0.77)|10.03
3842|(0.29, 0.12, 0.59)|10.15
3843|(0.09, 0.03, 0.88)|10.34
3844|(0.34, 0.20, 0.46)|13.37
3847|(0.47, 0.19, 0.34)|9.93
3848|(0.14, 0.05, 0.81)|9.94
3849|(0.06, 0.03, 0.91)|14.28
3852|(0.00, 1.00, 0.00)|28.03
3853|(0.05, 0.30, 0.65)|11.50
3854|(0.00, 0.03, 0.97)|14.68
3865|(0.00, 0.59, 0.41)|26.19
39201|(0.32, 0.56, 0.12)|16.82
39202|(1.00, 0.00, 0.00)|101.58
39206|(0.00, 0.06, 0.94)|9.92
39207|(0.45, 0.11, 0.44)|21.99
39208|(0.25, 0.18, 0.57)|9.14
39402|(0.05, 0.07, 0.88)|8.79
3941|(0.01, 0.22, 0.77)|13.81
3954|(0.02, 0.10, 0.88)|6.35
3955|(0.33, 0.11, 0.56)|9.94
3957|(0.00, 0.48, 0.52)|11.42
39601|(0.12, 0.20, 0.68)|10.22
39602|(0.69, 0.17, 0.14)|17.08
39603|(0.08, 0.06, 0.86)|15.04
39605|(0.00, 0.38, 0.62)|14.01
39606|(0.00, 0.31, 0.69)|54.65
3961|(0.79, 0.17, 0.04)|16.93
3962|(0.42, 0.58, 0.00)|21.31
3967|(0.05, 0.10, 0.85)|9.07
3972|(0.00, 0.18, 0.82)|12.82
3981|(0.00, 0.02, 0.98)|18.11
3982|(0.09, 0.18, 0.73)|9.24
3983|(0.00, 0.05, 0.95)|49.67
3984|(0.00, 0.13, 0.87)|11.34
3985|(0.00, 0.03, 0.97)|21.34
3986|(0.00, 0.00, 1.00)|18.02
3987|(0.00, 0.52, 0.48)|28.86
4078|(0.04, 0.06, 0.90)|10.08
4080|(0.15, 0.33, 0.52)|12.43
4085|(0.00, 0.28, 0.72)|15.90
4090|(0.10, 0.49, 0.41)|14.69
4121|(0.00, 0.18, 0.82)|14.64
4161|(0.51, 0.16, 0.33)|12.89
4168|(0.04, 0.23, 0.73)|10.27
4169|(0.20, 0.45, 0.35)|18.55
4170|(0.26, 0.19, 0.55)|13.27
4171|(0.12, 0.02, 0.86)|10.60
4172|(0.11, 0.39, 0.50)|17.01
4173|(0.82, 0.18, 0.00)|51.97
4174|(0.50, 0.00, 0.50)|150.96
4177|(0.00, 0.28, 0.72)|30.78
4178|(0.00, 0.40, 0.60)|17.54
4208|(0.00, 0.00, 1.00)|127.36
4214|(0.08, 0.37, 0.55)|16.67
4215|(0.83, 0.13, 0.04)|10.82
4216|(0.85, 0.13, 0.02)|18.38
4219|(0.00, 0.18, 0.82)|14.25
4224|(0.06, 0.03, 0.91)|10.98
4260|(0.00, 0.44, 0.56)|254.11
42601|(0.00, 0.55, 0.45)|17.64
42801|(0.41, 0.28, 0.31)|19.48
4318|(0.00, 0.63, 0.37)|15.56
44001|(0.00, 0.07, 0.93)|8.95
44002|(0.00, 0.10, 0.90)|9.97
45204|(0.00, 0.68, 0.32)|21.42
47401|(0.25, 0.01, 0.74)|12.13
49212|(0.06, 0.07, 0.87)|8.06
4999|(0.14, 0.09, 0.77)|13.85
5000|(0.12, 0.50, 0.38)|23.36
5001|(0.19, 0.09, 0.72)|14.38
5002|(0.39, 0.14, 0.47)|10.73
5005|(0.13, 0.26, 0.61)|10.54
5006|(0.33, 0.40, 0.27)|11.37
5007|(0.00, 0.46, 0.54)|27.02
5008|(0.30, 0.54, 0.16)|14.24
5009|(0.00, 0.66, 0.34)|25.20
5010|(0.18, 0.45, 0.37)|56.63
5012|(0.43, 0.00, 0.57)|27.34
5013|(0.28, 0.06, 0.66)|19.30
5014|(0.24, 0.20, 0.56)|7.35
5015|(0.10, 0.06, 0.84)|7.91
5016|(0.61, 0.05, 0.34)|15.63
5017|(0.46, 0.18, 0.36)|10.88
5018|(0.00, 1.00, 0.00)|64.91
5020|(0.09, 0.29, 0.62)|17.40
5021|(0.21, 0.44, 0.35)|34.07
5022|(0.00, 1.00, 0.00)|59.67
5023|(0.68, 0.12, 0.20)|14.99
5024|(0.00, 0.49, 0.51)|38.86
5025|(0.00, 0.33, 0.67)|70.19
5026|(0.02, 0.11, 0.87)|11.55
5027|(0.05, 0.17, 0.78)|10.06
5028|(0.00, 0.46, 0.54)|77.90
5029|(0.00, 0.51, 0.49)|25.86
5030|(0.08, 0.23, 0.69)|10.89
5031|(0.00, 0.10, 0.90)|15.74
5033|(0.00, 1.00, 0.00)|39.82
5034|(0.06, 0.00, 0.94)|13.63
5035|(0.04, 0.40, 0.56)|14.91
5036|(0.00, 0.04, 0.96)|18.30
5037|(0.01, 0.08, 0.91)|15.44
5038|(0.00, 0.23, 0.77)|16.92
5039|(0.06, 0.09, 0.85)|13.08
5040|(0.04, 0.14, 0.82)|13.69
5041|(0.13, 0.11, 0.76)|12.26
5042|(0.09, 0.21, 0.70)|14.79
5043|(0.12, 0.00, 0.88)|9.85
5044|(0.00, 0.14, 0.86)|252.37
5045|(0.05, 0.01, 0.94)|8.58
5046|(0.22, 0.08, 0.70)|9.56
5047|(0.16, 0.00, 0.84)|11.21
5048|(0.06, 0.01, 0.93)|8.82
5049|(0.18, 0.02, 0.80)|19.16
5050|(0.00, 0.38, 0.62)|15.32
5051|(0.10, 0.60, 0.30)|15.14
5052|(0.03, 0.07, 0.90)|10.74
5053|(0.00, 0.56, 0.44)|18.29
5055|(0.00, 0.09, 0.91)|11.25
5056|(0.04, 0.17, 0.79)|10.38
5057|(0.03, 0.03, 0.94)|13.60
5058|(0.00, 0.23, 0.77)|67.17
5059|(0.00, 1.00, 0.00)|150.45
5060|(0.00, 0.76, 0.24)|39.13
50601|(0.73, 0.00, 0.27)|8.18
5061|(0.00, 0.18, 0.82)|14.85
5062|(0.09, 0.04, 0.87)|15.56
5063|(0.00, 0.62, 0.38)|173.75
5065|(0.15, 0.02, 0.83)|12.80
5066|(0.15, 0.13, 0.72)|11.92
5067|(0.01, 0.05, 0.94)|24.01
5068|(0.00, 0.41, 0.59)|14.48
5069|(0.06, 0.16, 0.78)|14.24
5070|(0.10, 0.22, 0.68)|14.39
5071|(0.00, 0.13, 0.87)|18.83
5072|(0.00, 0.37, 0.63)|12.40
5073|(0.21, 0.09, 0.70)|10.53
5075|(0.02, 0.05, 0.93)|34.35
5076|(0.00, 0.08, 0.92)|15.46
5078|(0.08, 0.01, 0.91)|17.50
5079|(0.09, 0.13, 0.78)|16.00
5081|(0.14, 0.38, 0.48)|12.57
5082|(0.00, 0.65, 0.35)|17.80
5085|(0.11, 0.21, 0.68)|12.19
5086|(0.16, 0.21, 0.63)|54.36
5087|(0.00, 0.05, 0.95)|239.35
5088|(0.02, 0.17, 0.81)|10.50
5089|(0.00, 0.40, 0.60)|14.88
5090|(0.07, 0.04, 0.89)|13.71
5091|(0.01, 0.09, 0.90)|11.82
5092|(0.00, 0.26, 0.74)|19.91
5093|(0.11, 0.04, 0.85)|10.31
5094|(0.02, 0.01, 0.97)|9.87
5095|(0.00, 0.23, 0.77)|22.46
5097|(0.00, 0.52, 0.48)|13.34
5098|(0.01, 0.16, 0.83)|11.33
5099|(0.23, 0.68, 0.09)|9.37
5100|(0.00, 0.34, 0.66)|13.94
5102|(0.00, 0.12, 0.88)|9.15
5104|(0.50, 0.13, 0.37)|13.63
51601|(0.00, 0.01, 0.99)|10.79
5223|(0.00, 0.28, 0.72)|9.93
5224|(0.64, 0.25, 0.11)|21.75
5226|(0.87, 0.00, 0.13)|14.87
52803|(0.12, 0.00, 0.88)|27.15
54402|(0.00, 0.08, 0.92)|13.30
54403|(0.00, 0.25, 0.75)|10.37
5534|(0.00, 0.57, 0.43)|24.32
5535|(0.00, 0.22, 0.78)|11.06
57401|(0.35, 0.30, 0.35)|10.98
57402|(0.00, 1.00, 0.00)|283.70
57403|(0.32, 0.00, 0.68)|13.62
57601|(0.21, 0.24, 0.55)|13.40
58201|(0.29, 0.71, 0.00)|21.03
59002|(0.42, 0.00, 0.58)|19.71
5972|(0.50, 0.37, 0.13)|10.89
5973|(0.00, 0.28, 0.72)|13.07
5974|(0.44, 0.23, 0.33)|9.86
60002|(0.00, 0.41, 0.59)|30.13
60604|(0.04, 0.30, 0.66)|17.29
61001|(0.00, 0.18, 0.82)|12.91
62201|(0.00, 0.03, 0.97)|67.58
62403|(0.06, 0.24, 0.70)|14.87
62404|(0.00, 0.13, 0.87)|13.61
62405|(0.00, 0.53, 0.47)|33.34
62801|(0.02, 0.53, 0.45)|11.62
63601|(0.00, 0.00, 1.00)|13.41
63603|(0.30, 0.16, 0.54)|11.40
63604|(0.00, 0.06, 0.94)|8.62
63801|(0.99, 0.01, 0.00)|12.31
63802|(0.93, 0.01, 0.06)|11.38
63803|(0.93, 0.00, 0.07)|13.34
6394|(0.70, 0.15, 0.15)|22.50
6398|(0.00, 1.00, 0.00)|45.36
6399|(0.00, 0.16, 0.84)|9.97
6400|(0.22, 0.63, 0.15)|13.31
6405|(0.11, 0.03, 0.86)|7.32
6406|(0.47, 0.35, 0.18)|9.62
6416|(0.00, 0.39, 0.61)|14.47
6417|(0.15, 0.00, 0.85)|9.14
6418|(0.00, 0.84, 0.16)|12.06
6419|(0.10, 0.09, 0.81)|9.91
6420|(0.46, 0.16, 0.38)|15.40
64203|(0.39, 0.38, 0.23)|12.31
6421|(0.43, 0.09, 0.48)|18.70
6422|(0.23, 0.02, 0.75)|14.39
6423|(0.00, 0.25, 0.75)|12.55
6424|(0.00, 1.00, 0.00)|37.71
6425|(0.00, 0.32, 0.68)|21.53
6426|(0.17, 0.16, 0.67)|11.73
6427|(1.00, 0.00, 0.00)|151.70
6428|(0.48, 0.11, 0.41)|18.02
6429|(0.45, 0.26, 0.29)|11.14
6430|(0.65, 0.20, 0.15)|7.80
6431|(0.05, 0.41, 0.54)|11.88
6432|(0.63, 0.09, 0.28)|16.50
6433|(0.00, 1.00, 0.00)|51.29
6434|(0.15, 0.47, 0.38)|22.51
6435|(0.41, 0.59, 0.00)|20.36
6438|(0.00, 0.82, 0.18)|23.86
6439|(0.60, 0.00, 0.40)|19.80
64401|(0.00, 0.76, 0.24)|18.55
64402|(0.02, 0.05, 0.93)|9.73
64403|(0.00, 0.22, 0.78)|7.44
64404|(0.62, 0.00, 0.38)|10.83
64405|(0.00, 0.81, 0.19)|17.55
64406|(0.18, 0.14, 0.68)|30.11
6442|(0.62, 0.21, 0.17)|16.72
6443|(0.16, 0.41, 0.43)|16.44
6444|(0.00, 0.22, 0.78)|17.46
6446|(0.21, 0.44, 0.35)|11.41
6448|(0.00, 0.44, 0.56)|19.33
6450|(0.02, 0.08, 0.90)|120.47
6452|(0.08, 0.22, 0.70)|11.69
6453|(nan, nan, nan)|nan
6458|(0.00, 0.36, 0.64)|23.61
64601|(0.00, 0.12, 0.88)|8.54
6465|(0.08, 0.20, 0.72)|10.50
6467|(0.03, 0.11, 0.86)|12.07
6479|(0.41, 0.20, 0.39)|12.30
6480|(0.21, 0.09, 0.70)|10.23
64801|(0.43, 0.57, 0.00)|19.93
6481|(0.67, 0.06, 0.27)|18.11
6482|(0.09, 0.26, 0.65)|16.65
65401|(0.18, 0.00, 0.82)|7.24
65603|(0.19, 0.08, 0.73)|6.26
66201|(0.34, 0.00, 0.66)|10.63
66202|(0.00, 0.11, 0.89)|17.77
66208|(0.52, 0.48, 0.00)|13.49
66209|(0.00, 0.23, 0.77)|10.45
69201|(0.00, 0.05, 0.95)|9.68
69401|(0.00, 0.34, 0.66)|13.40
6986|(0.56, 0.00, 0.44)|7.37
7061|(0.17, 0.83, 0.00)|97.53
7064|(0.61, 0.20, 0.19)|25.40
7066|(0.41, 0.53, 0.06)|9.70
7067|(0.57, 0.06, 0.37)|16.91
7071|(0.00, 0.30, 0.70)|13.43
7073|(0.00, 0.74, 0.26)|106.15
7079|(0.44, 0.00, 0.56)|8.87
7080|(0.17, 0.01, 0.82)|7.26
7126|(0.09, 0.22, 0.69)|13.50
7131|(0.19, 0.14, 0.67)|8.96
7141|(0.00, 0.46, 0.54)|21.90
7144|(0.00, 0.05, 0.95)|918.59
7145|(0.48, 0.48, 0.04)|19.06
7146|(0.06, 0.14, 0.80)|13.41
7147|(0.00, 0.50, 0.50)|1251.61
7172|(0.10, 0.90, 0.00)|58.00
7192|(0.85, 0.15, 0.00)|15.92
7279|(0.14, 0.18, 0.68)|5.93
7283|(0.47, 0.39, 0.14)|13.38
7286|(0.37, 0.51, 0.12)|15.45
7287|(0.00, 0.00, 1.00)|39.77
7314|(0.61, 0.04, 0.35)|16.31
7315|(0.58, 0.00, 0.42)|8.70
7323|(0.00, 0.18, 0.82)|15.88
7324|(0.06, 0.19, 0.75)|10.70
7330|(0.75, 0.00, 0.25)|7.55
7339|(0.19, 0.62, 0.19)|14.99
7425|(0.19, 0.02, 0.79)|13.05
7426|(0.28, 0.12, 0.60)|12.13
7439|(0.75, 0.00, 0.25)|19.88
7608|(0.40, 0.35, 0.25)|17.72
7609|(0.61, 0.27, 0.12)|12.40
76802|(0.23, 0.32, 0.45)|18.39
78602|(0.59, 0.06, 0.35)|11.71
80001|(0.08, 0.13, 0.79)|15.10
8079|(0.00, 0.45, 0.55)|8.96
8159|(0.00, 0.16, 0.84)|14.34
8160|(0.16, 0.10, 0.74)|11.71
8174|(0.44, 0.19, 0.37)|11.94
8181|(0.00, 0.24, 0.76)|11.05
8214|(0.23, 0.77, 0.00)|30.28
8308|(0.47, 0.18, 0.35)|8.89
83602|(0.30, 0.45, 0.25)|10.50
83603|(0.00, 0.49, 0.51)|41.67
84401|(0.13, 0.12, 0.75)|15.21
84601|(0.01, 0.16, 0.83)|14.72
84802|(0.19, 0.04, 0.77)|11.58
85001|(0.09, 0.69, 0.22)|19.26
8654|(0.74, 0.19, 0.07)|32.34
8662|(0.20, 0.04, 0.76)|11.18
8663|(0.00, 0.19, 0.81)|14.34
8664|(0.00, 0.12, 0.88)|10.63
8697|(0.00, 0.00, 1.00)|37.00
8698|(0.00, 0.00, 1.00)|12.12
8714|(0.00, 0.32, 0.68)|18.29
8727|(0.27, 0.42, 0.31)|11.55
8729|(0.71, 0.07, 0.22)|16.65
8731|(0.51, 0.09, 0.40)|16.70
8734|(0.74, 0.26, 0.00)|25.19
8738|(0.29, 0.70, 0.01)|24.42
8740|(0.72, 0.27, 0.01)|39.15
8741|(0.69, 0.00, 0.31)|44.45
8742|(0.22, 0.54, 0.24)|16.95
8747|(0.47, 0.26, 0.27)|17.83
8750|(0.00, 0.49, 0.51)|147.27
8752|(0.21, 0.02, 0.77)|7.94
8754|(0.00, 1.00, 0.00)|40.90
8774|(0.00, 0.47, 0.53)|9.50
8782|(0.32, 0.09, 0.59)|11.90
8787|(1.00, 0.00, 0.00)|365.26
8788|(0.42, 0.28, 0.30)|15.72
8794|(0.38, 0.35, 0.27)|12.60
8796|(0.32, 0.30, 0.38)|10.94
8874|(0.00, 0.55, 0.45)|22.81
8899|(0.18, 0.18, 0.64)|9.21
8901|(0.93, 0.07, -0.00)|48.62
8903|(0.54, 0.26, 0.20)|11.91
8907|(0.14, 0.09, 0.77)|6.65
8911|(0.44, 0.00, 0.56)|9.58
8912|(0.04, 0.06, 0.90)|8.07
8932|(0.29, 0.13, 0.58)|8.52
8933|(0.00, 0.57, 0.43)|26.19
8934|(0.00, 0.37, 0.63)|11.73
8935|(0.57, 0.05, 0.38)|12.77
89402|(0.07, 0.39, 0.54)|15.87
8958|(0.26, 0.74, 0.00)|56.56
89601|(0.00, 0.19, 0.81)|18.29
8966|(0.00, 0.00, 1.00)|24.13
8971|(0.26, 0.28, 0.46)|18.41
89802|(0.00, 0.45, 0.55)|31.44
8996|(0.02, 0.08, 0.90)|8.27
90001|(0.39, 0.07, 0.54)|18.00
9040|(0.62, 0.00, 0.38)|13.29
90401|(0.41, 0.29, 0.30)|12.39
9041|(0.71, 0.29, 0.00)|15.72
9049|(0.46, 0.24, 0.30)|25.21
9075|(0.39, 0.36, 0.25)|19.48
9085|(0.74, 0.00, 0.26)|10.95
9086|(0.64, 0.07, 0.29)|10.99
91401|(0.03, 0.19, 0.78)|10.89
91802|(0.12, 0.88, 0.00)|69.62
9207|(0.53, 0.37, 0.10)|10.54
92201|(0.19, 0.04, 0.77)|9.71
92202|(0.35, 0.23, 0.42)|9.39
92203|(0.00, 0.25, 0.75)|8.60
9222|(0.29, 0.27, 0.44)|9.54
92401|(0.00, 0.11, 0.89)|298.01
92402|(0.07, 0.58, 0.35)|23.86
92403|(0.29, 0.44, 0.27)|23.03
92404|(0.00, 0.25, 0.75)|60.38
92405|(0.35, 0.61, 0.04)|16.10
92406|(0.00, 0.60, 0.40)|12.38
9241|(0.44, 0.21, 0.35)|8.48
9244|(0.16, 0.03, 0.81)|7.26
9245|(0.14, 0.15, 0.71)|9.58
9304|(0.06, 0.50, 0.44)|20.48
9307|(0.00, 0.28, 0.72)|19.99
9309|(0.06, 0.15, 0.79)|8.31
9310|(0.51, 0.05, 0.44)|9.25
9311|(0.06, 0.00, 0.94)|9.35
9312|(0.00, 0.09, 0.91)|9.70
9313|(0.00, 0.18, 0.82)|11.46
9314|(1.00, 0.00, 0.00)|1131.50
9315|(0.00, 0.19, 0.81)|10.56
9316|(0.00, 0.12, 0.88)|12.75
9317|(0.59, 0.22, 0.19)|8.99
9318|(0.00, 0.15, 0.85)|11.10
9319|(0.11, 0.10, 0.79)|11.30
9320|(0.14, 0.11, 0.75)|7.56
9321|(0.06, 0.08, 0.86)|8.74
9325|(0.30, 0.08, 0.62)|11.31
9333|(0.18, 0.11, 0.71)|8.40
9334|(0.00, 0.00, 1.00)|72.20
9335|(0.14, 0.13, 0.73)|9.49
9337|(0.00, 0.56, 0.44)|18.62
9338|(0.01, 0.63, 0.36)|44.48
9339|(0.00, 0.29, 0.71)|13.13
9340|(0.17, 0.14, 0.69)|9.81
9341|(0.00, 0.97, 0.03)|105.57
9342|(0.01, 0.01, 0.98)|11.83
9346|(0.26, 0.36, 0.38)|11.68
9353|(0.00, 0.01, 0.99)|8.59
9354|(0.54, 0.09, 0.37)|12.57
9378|(0.13, 0.27, 0.60)|10.74
9379|(0.05, 0.21, 0.74)|10.14
9385|(1.00, 0.00, 0.00)|48.48
94005|(0.87, 0.13, 0.00)|18.01
9404|(0.00, 0.63, 0.37)|11.81
9424|(0.00, 0.23, 0.77)|8.94
9426|(0.00, 0.11, 0.89)|14.96
9430|(0.76, 0.02, 0.22)|13.48
9431|(0.43, 0.11, 0.46)|8.94
94403|(0.06, 0.10, 0.84)|15.80
9465|(0.29, 0.00, 0.71)|84.56
9466|(0.45, 0.16, 0.39)|16.00
9467|(0.31, 0.04, 0.65)|13.38
9509|(0.00, 0.17, 0.83)|9.55
9511|(0.00, 0.00, 1.00)|8.07
9516|(0.37, 0.34, 0.29)|9.32
9521|(0.57, 0.43, 0.00)|16.07
9530|(0.00, 0.13, 0.87)|7.67
95805|(0.00, 0.04, 0.96)|9.13
9719|(0.07, 0.04, 0.89)|7.08
9720|(0.02, 0.00, 0.98)|8.00
9724|(0.79, 0.18, 0.03)|16.40
9745|(0.14, 0.00, 0.86)|8.82
9746|(0.42, 0.58, 0.00)|18.37
9748|(0.48, 0.19, 0.33)|10.50
9749|(0.00, 0.09, 0.91)|16.03
9750|(0.08, 0.02, 0.90)|10.23
9751|(0.00, 0.16, 0.84)|12.35
9753|(0.60, 0.27, 0.13)|13.03
9754|(0.00, 0.22, 0.78)|11.81
9755|(0.38, 0.26, 0.36)|9.06
9756|(0.00, 0.39, 0.61)|17.99
9811|(0.00, 0.72, 0.28)|11.29
9812|(0.21, 0.20, 0.59)|12.04
99602|(0.00, 0.07, 0.93)|12.18
