KSSS,MAPE_ML,MAPE_weights,MAPE_cur,Способ прогноза,Детали прогноза
1059,8.123,9.94,10.801,МЛ,SARIMAX
1060,5.629,6.63,7.147,МЛ,RandomForest
1062,6.102,7.41,8.406,МЛ,SARIMAX
1063,13.4,10.72,12.08,веса,"(0.01, 0.01, 0.98)"
1064,6.805,8.75,11.557,МЛ,RandomForest
1066,7.167,9.01,8.956,МЛ,RandomForest
1067,8.589,13.06,14.612,МЛ,SARIMAX
1068,10.583,10.04,11.529,веса,"(0.16, 0.26, 0.58)"
1071,7.344,8.77,8.608,МЛ,RandomForest
1072,7.482,23.13,30.395,МЛ,RandomForest
1073,7.013,8.98,11.817,МЛ,RandomForest
1077,6.035,9.05,12.853,МЛ,SARIMAX
1078,10.222,10.06,10.37,веса,"(0.19, 0.29, 0.52)"
1079,12.265,88.48,38.958,МЛ,RandomForest
1081,4.912,9.2,9.473,МЛ,SARIMAX
1083,9.302,10.12,12.493,МЛ,SARIMAX
1084,6.521,8.19,9.72,МЛ,SARIMAX
1087,8.129,13.65,16.217,МЛ,HoltWinters
1089,7.126,11.36,12.026,МЛ,RandomForest
1094,9.601,10.77,13.597,МЛ,RandomForest
1095,6.826,12.93,13.644,МЛ,HoltWinters
1097,13.41,9.29,12.241,веса,"(0.03, 0.00, 0.97)"
1101,8.338,7.31,9.247,веса,"(0.07, 0.02, 0.91)"
1102,9.516,9.72,12.241,МЛ,RandomForest
1104,6.001,7.7,10.267,МЛ,SARIMAX
1106,5.255,7.65,8.736,МЛ,SARIMAX
1110,6.565,7.24,9.591,МЛ,RandomForest
1115,14.392,18.48,21.358,МЛ,SARIMAX
1116,8.734,11.46,15.454,МЛ,SARIMAX
1119,8.197,14.21,15.592,МЛ,RandomForest
1120,43.247,21.62,26.68,веса,"(0.08, 0.16, 0.76)"
1121,7.719,16.01,12.918,МЛ,SARIMAX
1122,8.671,14.35,15.77,МЛ,SARIMAX
1252,11.538,14.67,16.495,МЛ,SARIMAX
1254,5.629,14.67,11.777,МЛ,SARIMAX
1255,4.447,11.05,9.829,МЛ,RandomForest
1256,6.61,46.03,25.516,МЛ,HoltWinters
1257,10.609,19.25,13.113,МЛ,RandomForest
1259,8.152,9.39,14.207,МЛ,RandomForest
1260,7.844,11.03,15.65,МЛ,SARIMAX
1261,7.297,10.35,10.491,МЛ,RandomForest
1262,8.666,17.1,18.937,МЛ,SARIMAX
1263,15.715,14.39,14.763,веса,"(0.60, 0.02, 0.38)"
1264,11.939,13.9,14.93,МЛ,RandomForest
1265,15.883,36.18,58.408,МЛ,SARIMAX
1266,6.511,8.06,7.924,МЛ,RandomForest
1268,10.645,11.45,11.727,МЛ,RandomForest
1269,12.559,18.73,18.984,МЛ,HoltWinters
1270,11.211,12.19,10.174,старая,старая
1271,170.296,71.8,96.877,веса,"(1.00, 0.00, 0.00)"
1273,6.865,14.31,12.182,МЛ,SARIMAX
1274,6.453,10.06,11.379,МЛ,RandomForest
1275,7.605,16.89,17.16,МЛ,RandomForest
1278,3.745,15.26,26.631,МЛ,SARIMAX
1279,4.724,7.5,9.266,МЛ,SARIMAX
1752,8.664,10.36,10.793,МЛ,RandomForest
1756,4.919,6.59,8.68,МЛ,RandomForest
1767,16.162,10.22,9.974,старая,старая
1777,8.585,7.84,9.123,веса,"(0.10, 0.09, 0.81)"
1779,17.71,18.3,10.636,старая,старая
1780,16.552,13.48,16.45,веса,"(0.00, 0.09, 0.91)"
1781,6.094,6.93,8.366,МЛ,HoltWinters
1783,19.264,16.73,12.924,старая,старая
1785,17.049,17.74,13.995,старая,старая
1788,11.061,11.72,18.038,МЛ,RandomForest
1789,8.007,25.92,14.01,МЛ,RandomForest
1794,6.496,19.03,21.873,МЛ,RandomForest
1798,22.271,15.14,13.624,старая,старая
1801,11.348,10.13,10.974,веса,"(0.10, 0.00, 0.90)"
1809,10.352,55.89,14.663,МЛ,HoltWinters
1810,17.321,21.19,18.818,МЛ,RandomForest
1811,11.441,19.81,25.121,МЛ,RandomForest
1814,6.966,9.21,10.361,МЛ,RandomForest
1823,9.531,11.39,12.051,МЛ,RandomForest
1827,12.983,16.49,12.76,старая,старая
1831,39.347,25.36,15.931,старая,старая
1834,14.02,13.73,10.351,старая,старая
1835,17.026,12.15,10.978,старая,старая
1837,11.294,12.18,13.726,МЛ,RandomForest
1845,13.183,30.11,39.104,МЛ,HoltWinters
1846,7.179,13.96,13.144,МЛ,SARIMAX
1855,21.433,26.17,27.087,МЛ,RandomForest
1856,1901.081,373.79,747.991,веса,"(0.00, 0.00, 1.00)"
1858,22.656,24.72,25.793,МЛ,RandomForest
1859,12.745,24.91,13.555,МЛ,RandomForest
1861,13.733,14.18,14.114,МЛ,SARIMAX
1862,11.146,14.84,14.789,МЛ,RandomForest
1863,10.358,17.4,19.276,МЛ,RandomForest
1864,20.181,16.73,11.738,старая,старая
1867,213.023,129.9,16.877,старая,старая
1873,13.761,24.15,22.421,МЛ,SARIMAX
1874,19.109,12.14,12.293,веса,"(0.39, 0.31, 0.30)"
1875,11.294,12.16,13.847,МЛ,RandomForest
1876,5.944,20.05,12.771,МЛ,RandomForest
1880,10.97,15.24,16.334,МЛ,RandomForest
1883,7.325,11.26,15.304,МЛ,SARIMAX
1884,8.557,18.77,14.129,МЛ,HoltWinters
1885,7.028,25.52,14.441,МЛ,HoltWinters
1886,8.414,12.94,9.506,МЛ,SARIMAX
1888,8.597,12.29,11.801,МЛ,SARIMAX
1890,7.17,11.25,10.162,МЛ,HoltWinters
1892,5.123,14.29,8.529,МЛ,HoltWinters
1893,10.513,15.55,14.732,МЛ,HoltWinters
1894,7.045,16.65,13.558,МЛ,SARIMAX
1895,14.118,12.41,11.756,старая,старая
1897,5.764,11.91,11.501,МЛ,RandomForest
1898,20.739,18.62,17.898,старая,старая
1900,5.549,11.39,13.93,МЛ,SARIMAX
1904,6.603,14.35,13.002,МЛ,HoltWinters
1905,5.492,10.27,9.593,МЛ,SARIMAX
1907,5.608,43.0,24.367,МЛ,HoltWinters
1908,5.458,13.37,23.691,МЛ,HoltWinters
1909,5.916,10.98,10.029,МЛ,SARIMAX
1910,11.185,15.16,13.284,МЛ,SARIMAX
1911,9.939,20.06,19.076,МЛ,HoltWinters
1914,6.71,11.58,10.387,МЛ,HoltWinters
1915,10.791,27.88,28.448,МЛ,HoltWinters
1916,7.583,12.95,11.037,МЛ,HoltWinters
1917,8.35,17.85,13.787,МЛ,HoltWinters
1918,5.838,8.1,9.705,МЛ,SARIMAX
1919,10.504,18.98,16.952,МЛ,HoltWinters
1920,6.266,11.94,11.595,МЛ,HoltWinters
1921,5.338,21.92,15.423,МЛ,SARIMAX
1935,11.32,153.57,35.71,МЛ,HoltWinters
1941,13.223,17.6,15.093,МЛ,RandomForest
1943,18.305,27.28,20.539,МЛ,HoltWinters
1947,5.508,7.39,7.538,МЛ,RandomForest
1948,11.133,21.09,20.999,МЛ,HoltWinters
1949,5.062,8.29,7.673,МЛ,RandomForest
1954,9.136,12.64,13.946,МЛ,HoltWinters
1955,5.017,9.18,9.038,МЛ,HoltWinters
1956,7.38,14.37,37.014,МЛ,HoltWinters
1957,7.917,12.02,11.907,МЛ,RandomForest
1960,11.942,11.54,13.396,веса,"(0.25, 0.07, 0.68)"
1963,11.024,12.12,10.217,старая,старая
1964,9.613,13.12,18.264,МЛ,RandomForest
1969,5.766,8.76,8.062,МЛ,RandomForest
1973,9.488,13.37,15.522,МЛ,RandomForest
1978,12.184,19.34,14.996,МЛ,SARIMAX
1992,14.753,16.35,15.124,МЛ,HoltWinters
1997,14.645,14.87,13.83,старая,старая
2092,5.156,12.03,12.084,МЛ,HoltWinters
2118,14.919,14.48,14.776,веса,"(0.09, 0.26, 0.65)"
2136,10.82,22.25,20.67,МЛ,HoltWinters
2147,7.217,13.95,13.728,МЛ,RandomForest
2150,7.452,14.24,13.459,МЛ,SARIMAX
2153,11.277,12.56,14.514,МЛ,RandomForest
2155,163.229,168.2,43.413,старая,старая
2165,7.87,11.69,11.852,МЛ,SARIMAX
2177,8.596,13.82,13.526,МЛ,RandomForest
2190,9.581,12.44,18.326,МЛ,RandomForest
2192,6.599,8.64,9.437,МЛ,HoltWinters
2193,4.493,9.94,15.459,МЛ,SARIMAX
2195,65.088,22.72,42.19,веса,"(0.00, 0.01, 0.99)"
2200,8.153,9.6,12.931,МЛ,RandomForest
2202,7.117,9.57,12.655,МЛ,RandomForest
2206,7.218,8.76,10.419,МЛ,SARIMAX
2211,7.1,29.19,18.562,МЛ,RandomForest
2223,8.747,12.25,11.864,МЛ,RandomForest
2226,6.127,8.25,9.242,МЛ,RandomForest
2230,19.274,23.67,24.803,МЛ,RandomForest
2235,8.443,8.95,11.01,МЛ,RandomForest
2243,10.733,15.46,18.176,МЛ,RandomForest
2246,12.945,12.78,15.611,веса,"(0.00, 0.37, 0.63)"
2248,13.855,13.18,17.646,веса,"(0.00, 0.00, 1.00)"
2250,7.733,9.46,10.095,МЛ,RandomForest
2252,8.066,17.09,,МЛ,HoltWinters
2263,11.312,14.65,16.693,МЛ,RandomForest
2266,20.185,18.44,17.396,старая,старая
2271,17.204,22.18,19.695,МЛ,RandomForest
2285,35.735,41.8,50.043,МЛ,RandomForest
2287,14.521,11.08,14.391,веса,"(0.00, 0.07, 0.93)"
2300,8.328,10.32,11.225,МЛ,SARIMAX
2301,8.497,10.45,11.199,МЛ,RandomForest
2302,6.394,11.85,17.959,МЛ,SARIMAX
2307,426.598,64.09,94.499,веса,"(0.00, 0.00, 1.00)"
2322,15.549,13.25,18.046,веса,"(0.07, 0.10, 0.83)"
2326,21.086,12.72,10.874,старая,старая
2447,11.188,15.35,15.659,МЛ,RandomForest
2451,22.907,11.64,11.065,старая,старая
2452,7.955,18.35,23.266,МЛ,SARIMAX
2546,67.837,70.49,63.433,старая,старая
2548,11.893,13.67,16.019,МЛ,RandomForest
2549,7.265,10.21,8.098,МЛ,HoltWinters
2588,6.215,8.86,10.061,МЛ,SARIMAX
2602,7.182,10.52,12.055,МЛ,RandomForest
2603,7.983,14.05,17.86,МЛ,SARIMAX
2604,22.678,23.38,13.396,старая,старая
2605,7.238,8.31,9.505,МЛ,RandomForest
2606,14.614,25.91,19.75,МЛ,RandomForest
2607,7.63,9.67,8.464,МЛ,RandomForest
2608,12.473,10.29,11.129,веса,"(0.39, 0.07, 0.54)"
2609,11.141,9.49,8.699,старая,старая
2610,8.134,10.34,11.001,МЛ,SARIMAX
2611,9.668,24.46,24.992,МЛ,HoltWinters
2612,5.518,7.17,8.933,МЛ,HoltWinters
2613,6.285,15.72,12.082,МЛ,RandomForest
2614,8.02,11.91,14.579,МЛ,RandomForest
2615,9.174,15.31,12.096,МЛ,RandomForest
2616,7.558,13.82,13.155,МЛ,RandomForest
2646,7.32,18.59,9.139,МЛ,RandomForest
2648,15.261,109.58,64.118,МЛ,HoltWinters
2649,14.236,11.0,10.931,старая,старая
2651,8.432,89.57,135.53,МЛ,SARIMAX
2653,6.957,8.49,8.796,МЛ,RandomForest
2654,17.571,17.58,14.284,старая,старая
2660,13.12,11.97,12.254,веса,"(0.57, 0.16, 0.27)"
2662,75.901,28.48,38.269,веса,"(0.60, 0.00, 0.40)"
2664,8.793,26.42,15.557,МЛ,SARIMAX
2668,8.293,10.9,11.573,МЛ,SARIMAX
2674,8.372,17.77,14.671,МЛ,HoltWinters
2685,22.239,14.81,11.127,старая,старая
2707,12.772,16.08,12.65,старая,старая
2709,10.349,10.75,9.604,старая,старая
2711,6.081,8.58,10.566,МЛ,RandomForest
2713,7.581,9.57,9.125,МЛ,RandomForest
2715,7.997,30.24,26.246,МЛ,HoltWinters
2717,11.795,828.8,22.173,МЛ,HoltWinters
2726,7.928,10.74,448.315,МЛ,HoltWinters
2729,8.1,9.2,18.026,МЛ,SARIMAX
2735,34.829,648.02,16.522,старая,старая
2736,10.843,10.85,8.798,старая,старая
2738,7.57,7.42,10.853,веса,"(0.02, 0.12, 0.86)"
2741,8.97,11.27,11.958,МЛ,SARIMAX
2749,8.177,12.6,10.737,МЛ,SARIMAX
2750,10.961,14.92,13.021,МЛ,RandomForest
2789,7.021,8.9,9.214,МЛ,SARIMAX
2827,7.607,9.55,9.167,МЛ,RandomForest
2828,15.268,17.44,10.377,старая,старая
2873,5.167,10.96,11.951,МЛ,SARIMAX
2874,6.644,15.06,19.068,МЛ,RandomForest
2875,11.854,13.63,14.43,МЛ,RandomForest
2876,6.429,7.59,8.24,МЛ,RandomForest
2877,4.896,8.75,9.393,МЛ,RandomForest
2880,6.442,15.29,12.559,МЛ,RandomForest
2882,8.531,16.44,12.726,МЛ,HoltWinters
2883,11.325,13.94,14.748,МЛ,HoltWinters
2886,7.122,7.51,9.923,МЛ,SARIMAX
2887,4.68,10.43,10.521,МЛ,SARIMAX
2888,7.209,14.07,9.885,МЛ,HoltWinters
2889,7.809,16.92,21.765,МЛ,HoltWinters
2890,5.367,9.74,7.793,МЛ,HoltWinters
2891,10.7,15.18,12.34,МЛ,RandomForest
2892,7.392,16.54,14.21,МЛ,RandomForest
2893,18.548,32.73,122.688,МЛ,HoltWinters
2894,7.236,9.83,11.554,МЛ,HoltWinters
2896,6.158,9.11,9.43,МЛ,SARIMAX
2899,15.609,31.39,36.575,МЛ,SARIMAX
2900,5.716,13.05,13.886,МЛ,RandomForest
2901,10.183,22.87,26.631,МЛ,SARIMAX
2902,8.842,13.64,13.243,МЛ,SARIMAX
2903,6.082,9.03,10.041,МЛ,SARIMAX
2904,14.399,18.46,24.141,МЛ,HoltWinters
2905,19.245,28.27,24.928,МЛ,HoltWinters
2906,28.422,19.16,15.593,старая,старая
2907,7.09,15.84,11.737,МЛ,HoltWinters
2908,9.217,13.72,11.421,МЛ,RandomForest
2909,17.086,15.3,14.18,старая,старая
2910,7.308,12.54,12.19,МЛ,RandomForest
2911,7.501,9.03,9.828,МЛ,RandomForest
2912,5.148,10.27,9.043,МЛ,HoltWinters
2930,19.277,21.11,12.486,старая,старая
2982,14.575,25.87,15.133,МЛ,RandomForest
2987,14.622,17.95,13.375,старая,старая
2988,5.005,15.8,19.958,МЛ,RandomForest
2993,4.469,12.88,12.305,МЛ,SARIMAX
2994,5.23,712.1,11.144,МЛ,HoltWinters
2995,11.784,26.25,19.597,МЛ,RandomForest
2996,9.427,14.97,13.165,МЛ,RandomForest
2997,7.993,12.47,10.984,МЛ,SARIMAX
2998,6.893,7.28,10.317,МЛ,HoltWinters
2999,8.112,18.97,21.464,МЛ,HoltWinters
3000,8.768,15.09,11.433,МЛ,SARIMAX
3002,14.094,25.33,12.584,старая,старая
3004,6.923,14.97,16.459,МЛ,RandomForest
3006,7.121,24.35,14.925,МЛ,RandomForest
3007,5.614,514.38,34.581,МЛ,RandomForest
3008,5.433,11.41,8.993,МЛ,HoltWinters
3009,5.421,21.91,12.509,МЛ,RandomForest
3011,8.935,16.39,22.432,МЛ,RandomForest
3023,7.326,28.02,23.41,МЛ,HoltWinters
3024,9.34,14.1,11.411,МЛ,HoltWinters
3048,11.755,178.25,16.041,МЛ,RandomForest
3049,7.965,10.72,10.661,МЛ,SARIMAX
3050,12.387,22.36,15.191,МЛ,SARIMAX
3052,12.19,20.73,16.589,МЛ,SARIMAX
3054,10.666,14.0,13.006,МЛ,RandomForest
3056,7.04,44.87,19.341,МЛ,HoltWinters
3057,10.563,17.27,12.058,МЛ,SARIMAX
3059,7.771,24.82,19.188,МЛ,RandomForest
3060,7.227,26.14,18.848,МЛ,SARIMAX
3062,6.754,10.09,10.758,МЛ,HoltWinters
3063,5.545,8.89,9.044,МЛ,HoltWinters
3064,9.143,14.27,11.11,МЛ,HoltWinters
3066,10.11,20.7,19.358,МЛ,HoltWinters
3124,10.221,24.87,20.042,МЛ,RandomForest
3125,7.952,101.71,33.63,МЛ,SARIMAX
3126,5.83,11.32,9.916,МЛ,SARIMAX
3127,4.876,10.36,9.165,МЛ,RandomForest
3129,18.261,15.73,15.287,старая,старая
3132,5.987,10.27,10.745,МЛ,HoltWinters
3133,7.368,19.17,19.835,МЛ,RandomForest
3135,6.378,8.22,9.942,МЛ,HoltWinters
3136,5.303,13.98,26.918,МЛ,HoltWinters
3137,9.514,13.45,18.238,МЛ,RandomForest
3138,3.966,8.54,9.905,МЛ,RandomForest
3139,6.505,12.46,13.888,МЛ,SARIMAX
3140,34.235,21.02,20.053,старая,старая
3141,7.466,52.95,16.192,МЛ,RandomForest
3142,28.411,21.7,24.336,веса,"(0.15, 0.78, 0.07)"
3143,5.911,10.55,11.847,МЛ,HoltWinters
3144,6.1,10.98,9.541,МЛ,HoltWinters
3145,7.684,117.26,17.618,МЛ,RandomForest
3146,11.1,13.67,10.772,старая,старая
3148,8.843,10.72,14.331,МЛ,RandomForest
3150,8.044,18.47,16.569,МЛ,RandomForest
3152,10.851,11.54,14.544,МЛ,SARIMAX
3154,8.52,13.13,14.507,МЛ,HoltWinters
3155,7.029,11.17,10.16,МЛ,HoltWinters
3156,7.604,13.8,14.852,МЛ,RandomForest
3158,9.173,11.1,11.092,МЛ,RandomForest
3159,8.033,20.1,14.257,МЛ,HoltWinters
3161,71.597,10885.03,374.709,МЛ,SARIMAX
3163,5.81,8.82,8.381,МЛ,RandomForest
3165,7.284,11.73,11.448,МЛ,SARIMAX
3168,7.145,12.33,21.948,МЛ,HoltWinters
3171,6.545,9.92,11.085,МЛ,HoltWinters
3172,4.923,114.4,16.658,МЛ,HoltWinters
3173,7.294,16.08,11.989,МЛ,HoltWinters
3174,5.896,12.87,28.786,МЛ,HoltWinters
3175,6.129,9.8,,МЛ,RandomForest
3176,7.13,10.5,10.126,МЛ,SARIMAX
3177,8.425,19.34,11.479,МЛ,HoltWinters
3179,7.459,12.26,11.591,МЛ,SARIMAX
3189,6.089,290.2,22.369,МЛ,HoltWinters
3205,9.743,14.52,11.066,МЛ,RandomForest
3206,6.253,10.05,8.714,МЛ,RandomForest
3207,17.376,23.05,13.865,старая,старая
3208,9.272,13.58,11.881,МЛ,RandomForest
3209,15.521,74.08,,МЛ,RandomForest
3212,6.823,11.28,12.204,МЛ,RandomForest
3213,6.743,10.21,12.688,МЛ,HoltWinters
3215,9.693,14.7,13.672,МЛ,HoltWinters
3216,7.076,13.01,15.065,МЛ,RandomForest
3217,7.259,21.5,11.436,МЛ,HoltWinters
3218,70.965,24.02,31.513,веса,"(0.00, 0.10, 0.90)"
3220,9.184,14.65,14.82,МЛ,RandomForest
3221,6.529,9.53,10.938,МЛ,HoltWinters
3222,7.91,11.04,11.849,МЛ,HoltWinters
3230,7.645,13.59,11.856,МЛ,SARIMAX
3247,7.863,16.68,18.051,МЛ,HoltWinters
3256,8.685,13.61,11.457,МЛ,HoltWinters
3275,7.854,18.52,28.567,МЛ,HoltWinters
3276,7.86,16.57,16.024,МЛ,RandomForest
3309,17.577,27.77,22.692,МЛ,RandomForest
3311,6.286,12.07,43.522,МЛ,HoltWinters
3312,14.455,12.8,12.34,старая,старая
3313,7.6,11.42,13.396,МЛ,RandomForest
3314,6.697,10.24,11.35,МЛ,RandomForest
3315,7.384,8.35,9.26,МЛ,RandomForest
3316,7.112,7.88,9.435,МЛ,SARIMAX
3317,45.835,13.72,11.846,старая,старая
3318,7.28,10.42,10.749,МЛ,HoltWinters
3319,5.825,6.53,11.969,МЛ,HoltWinters
3320,13.696,12.93,13.455,веса,"(0.20, 0.43, 0.37)"
3321,37.664,20.75,23.212,веса,"(0.19, 0.30, 0.51)"
3322,17.747,17.5,18.768,веса,"(0.18, 0.62, 0.20)"
3323,64.084,18.64,24.323,веса,"(0.00, 0.18, 0.82)"
3325,5.038,7.18,9.864,МЛ,RandomForest
3326,9.22,13.99,16.459,МЛ,SARIMAX
3327,5.192,9.02,9.561,МЛ,SARIMAX
3328,5.871,8.91,10.645,МЛ,SARIMAX
3329,6.379,8.42,11.246,МЛ,SARIMAX
3330,5.159,10.33,9.438,МЛ,RandomForest
3331,5.494,8.1,9.252,МЛ,RandomForest
3332,4.841,10.5,10.914,МЛ,RandomForest
3336,4.308,9.08,11.302,МЛ,SARIMAX
3337,9.172,9.96,13.138,МЛ,HoltWinters
3338,6.915,6.86,10.867,веса,"(0.04, 0.01, 0.95)"
3339,7.645,10.19,10.457,МЛ,SARIMAX
3341,5.444,10.16,10.892,МЛ,HoltWinters
3342,4.592,9.85,11.649,МЛ,SARIMAX
3343,10.736,20.08,20.765,МЛ,RandomForest
3346,7.275,7.33,8.997,МЛ,RandomForest
3347,6.141,7.22,6.463,МЛ,SARIMAX
3348,7.591,6.23,10.865,веса,"(0.33, 0.02, 0.65)"
3349,6.98,14.11,17.016,МЛ,HoltWinters
3350,12.866,10.18,9.394,старая,старая
3351,6.056,8.21,11.203,МЛ,RandomForest
3352,6.625,8.66,9.988,МЛ,HoltWinters
3354,23.129,12.77,12.357,старая,старая
3355,35.178,16.49,16.975,веса,"(0.66, 0.04, 0.30)"
3356,6.712,9.24,13.578,МЛ,SARIMAX
3357,18.018,14.65,12.426,старая,старая
3358,12.923,9.56,10.093,веса,"(0.73, 0.00, 0.27)"
3359,5.772,20.18,18.393,МЛ,HoltWinters
3360,15.735,20.78,14.95,старая,старая
3361,7.002,11.55,13.255,МЛ,HoltWinters
3363,6.857,8.8,11.538,МЛ,HoltWinters
3364,5.244,7.36,10.996,МЛ,SARIMAX
3365,29.777,12.96,20.071,веса,"(0.00, 0.01, 0.99)"
3366,6.503,11.34,12.974,МЛ,SARIMAX
3367,7.806,13.34,12.063,МЛ,RandomForest
3368,5.549,8.02,9.687,МЛ,SARIMAX
3369,9.01,149.46,24.79,МЛ,SARIMAX
3370,6.835,8.06,9.449,МЛ,RandomForest
3372,5.792,12.57,12.366,МЛ,RandomForest
3373,7.044,10.1,12.75,МЛ,SARIMAX
3374,8.411,19.18,16.517,МЛ,RandomForest
3375,13.047,25.07,24.725,МЛ,RandomForest
3377,7.141,9.87,8.947,МЛ,RandomForest
3379,9.302,15.16,15.614,МЛ,HoltWinters
3381,15.502,18.23,32.416,МЛ,SARIMAX
3388,5.844,8.75,8.377,МЛ,RandomForest
3389,5.922,14.25,37.744,МЛ,SARIMAX
3393,5.841,12.6,14.175,МЛ,RandomForest
3394,5.782,12.21,12.575,МЛ,SARIMAX
3395,15.234,100.17,16.836,МЛ,RandomForest
3396,34.922,14.92,20.566,веса,"(0.61, 0.00, 0.39)"
3397,10.918,14.58,14.039,МЛ,HoltWinters
3399,6.69,9.02,12.889,МЛ,SARIMAX
3400,8.761,10.88,12.714,МЛ,HoltWinters
3401,15.311,12.39,12.098,старая,старая
3408,6.27,214.1,32.36,МЛ,SARIMAX
3410,6.359,10.46,10.578,МЛ,RandomForest
3411,6.689,11.82,10.947,МЛ,SARIMAX
3412,9.899,14.49,13.811,МЛ,RandomForest
3415,5.847,16.53,15.908,МЛ,RandomForest
3424,5.51,12.29,13.453,МЛ,RandomForest
3425,9.067,12.88,15.465,МЛ,SARIMAX
3430,36.64,18.22,22.735,веса,"(0.11, 0.30, 0.59)"
3431,14.651,19.44,22.662,МЛ,SARIMAX
3438,6.467,8.33,9.821,МЛ,RandomForest
3441,123.159,24.31,35.26,веса,"(0.66, 0.00, 0.34)"
3442,8.027,29.85,38.173,МЛ,HoltWinters
3443,6.919,11.13,14.738,МЛ,SARIMAX
3445,8.291,9.99,10.628,МЛ,SARIMAX
3446,7.281,9.36,10.782,МЛ,SARIMAX
3447,8.18,13.1,13.389,МЛ,SARIMAX
3449,10.759,25.19,11.21,МЛ,RandomForest
3451,28.842,17.04,12.961,старая,старая
3452,6.993,12.38,11.984,МЛ,HoltWinters
3454,22.253,14.75,17.502,веса,"(0.31, 0.28, 0.41)"
3455,16.438,12.56,13.749,веса,"(0.00, 0.30, 0.70)"
3456,10.192,18.4,28.05,МЛ,RandomForest
3457,10.08,9.84,12.582,веса,"(0.21, 0.19, 0.60)"
3462,5.771,9.43,14.379,МЛ,SARIMAX
3495,32.711,23.27,18.403,старая,старая
3497,6.387,10.5,10.227,МЛ,RandomForest
3498,7.938,24.1,32.995,МЛ,SARIMAX
3504,9.462,22.9,21.617,МЛ,RandomForest
3511,136.385,37.84,64.381,веса,"(0.00, 0.17, 0.83)"
3540,9.686,10.92,13.062,МЛ,RandomForest
3543,8.111,13.18,20.937,МЛ,HoltWinters
3544,10.619,9.95,33.083,веса,"(0.00, 0.34, 0.66)"
3545,7.94,15.04,13.933,МЛ,HoltWinters
3595,11.985,9.59,10.012,веса,"(0.22, 0.27, 0.51)"
3596,10.53,13.08,12.754,МЛ,RandomForest
3605,28.444,25.84,16.591,старая,старая
3634,27.74,24.66,19.336,старая,старая
3645,9.024,23.24,14.157,МЛ,SARIMAX
3651,4.638,8.96,11.076,МЛ,SARIMAX
3654,7.87,9.57,9.842,МЛ,SARIMAX
3658,8.604,12.82,14.089,МЛ,SARIMAX
3659,8.486,9.21,10.048,МЛ,RandomForest
3660,7.3,33.77,13.504,МЛ,HoltWinters
3714,8.247,8.83,11.266,МЛ,RandomForest
3715,11.941,11.84,14.353,веса,"(0.00, 0.09, 0.91)"
3722,5.353,9.39,10.13,МЛ,HoltWinters
3725,8.336,10.29,10.807,МЛ,SARIMAX
3729,4.65,6.82,7.915,МЛ,SARIMAX
3730,5.041,10.23,13.146,МЛ,HoltWinters
3734,5.718,7.99,9.903,МЛ,HoltWinters
3739,7.283,8.67,10.731,МЛ,SARIMAX
3740,17.979,17.72,12.549,старая,старая
3741,32.285,17.25,13.29,старая,старая
3743,7.787,10.87,11.226,МЛ,RandomForest
3745,7.289,12.65,16.01,МЛ,RandomForest
3748,12.609,16.69,15.787,МЛ,RandomForest
3749,5.835,6.59,8.095,МЛ,RandomForest
3755,4.451,11.01,8.637,МЛ,SARIMAX
3756,5.513,290.38,15.768,МЛ,SARIMAX
3759,10.012,20.43,41.107,МЛ,RandomForest
3760,4.861,23.17,22.647,МЛ,SARIMAX
3763,18.995,18.71,19.082,веса,"(0.00, 0.37, 0.63)"
3765,8.481,23.97,16.159,МЛ,RandomForest
3767,7.911,49.12,77.291,МЛ,SARIMAX
3781,7.917,18.78,13.241,МЛ,HoltWinters
3797,7.126,102.66,11.922,МЛ,SARIMAX
3802,6.64,9.84,10.533,МЛ,RandomForest
3803,1048.162,101.77,219.212,веса,"(0.00, 0.03, 0.97)"
3804,32.096,14.72,103.786,веса,"(0.43, 0.00, 0.57)"
3807,7.853,18.22,21.582,МЛ,HoltWinters
3808,5.578,11.02,12.253,МЛ,RandomForest
3809,6.353,6.38,7.718,МЛ,HoltWinters
3811,6.178,10.0,11.979,МЛ,HoltWinters
3815,7.897,11.51,10.367,МЛ,RandomForest
3817,5.776,8.34,8.793,МЛ,RandomForest
3818,5.84,11.96,15.528,МЛ,SARIMAX
3819,81.808,11.04,18.145,веса,"(0.05, 0.03, 0.92)"
3821,386.82,87.88,168.946,веса,"(0.00, 0.81, 0.19)"
3822,13.39,13.17,13.398,веса,"(0.45, 0.32, 0.23)"
3824,750.169,124.44,846.806,веса,"(1.00, 0.00, 0.00)"
3827,10.144,14.12,15.232,МЛ,RandomForest
3831,9.197,17.84,14.002,МЛ,RandomForest
3832,13.314,21.19,18.52,МЛ,HoltWinters
3836,5.803,9.13,10.496,МЛ,SARIMAX
3839,10.953,11.93,11.401,МЛ,HoltWinters
3841,20.462,16.27,20.758,веса,"(0.14, 0.15, 0.71)"
3842,49.59,16.88,22.109,веса,"(0.29, 0.14, 0.57)"
3843,11.709,14.36,16.799,МЛ,RandomForest
3844,9.942,17.08,16.279,МЛ,RandomForest
3847,10.16,12.94,12.51,МЛ,RandomForest
3848,12.739,14.59,18.26,МЛ,RandomForest
3849,13.83,18.34,18.95,МЛ,RandomForest
3853,10.002,11.37,29.069,МЛ,SARIMAX
3865,30.714,26.62,34.433,веса,"(0.00, 0.59, 0.41)"
3941,65.429,19.92,24.288,веса,"(0.05, 0.15, 0.80)"
3954,4.714,6.34,8.978,МЛ,RandomForest
3955,10.845,9.52,8.221,старая,старая
3957,21.201,14.05,21.972,веса,"(0.00, 0.62, 0.38)"
3961,15.697,16.59,12.708,старая,старая
3962,18.144,23.63,19.881,МЛ,HoltWinters
3967,8.795,8.77,10.973,веса,"(0.05, 0.10, 0.85)"
3972,9.497,13.16,9.964,МЛ,RandomForest
3981,8.364,16.43,31.305,МЛ,HoltWinters
3982,5.305,8.44,8.472,МЛ,SARIMAX
3984,5.09,10.46,10.042,МЛ,HoltWinters
3985,12.962,18.8,17.59,МЛ,SARIMAX
3987,24.16,34.27,24.742,МЛ,SARIMAX
4121,7.884,13.26,25.264,МЛ,HoltWinters
4161,6.394,11.71,12.359,МЛ,HoltWinters
4168,8.425,10.22,10.945,МЛ,RandomForest
4169,14.572,17.53,15.26,МЛ,HoltWinters
4171,7.842,10.29,12.664,МЛ,RandomForest
4172,6.852,17.77,14.942,МЛ,RandomForest
4173,10.407,46.72,20.594,МЛ,SARIMAX
4174,17.655,123.47,24.134,МЛ,RandomForest
4177,9.062,25.98,26.01,МЛ,HoltWinters
4178,6.495,16.36,15.534,МЛ,HoltWinters
4208,7.838,101.33,14.814,МЛ,SARIMAX
4214,11.531,15.36,10.401,старая,старая
4215,7.912,10.81,8.956,МЛ,RandomForest
4216,17.92,17.96,11.057,старая,старая
4219,7.556,12.47,17.68,МЛ,RandomForest
4224,8.622,9.72,10.667,МЛ,SARIMAX
4260,5.371,193.63,13.612,МЛ,SARIMAX
4318,10.23,14.34,13.819,МЛ,HoltWinters
5000,5.549,19.36,15.805,МЛ,RandomForest
5001,10.799,13.41,13.805,МЛ,SARIMAX
5002,7.287,10.95,10.825,МЛ,HoltWinters
5005,5.054,10.11,10.463,МЛ,SARIMAX
5006,7.764,10.41,8.985,МЛ,SARIMAX
5007,13.408,23.79,15.34,МЛ,RandomForest
5008,6.737,13.2,18.107,МЛ,RandomForest
5009,9.695,22.58,13.359,МЛ,HoltWinters
5013,11.425,17.96,16.513,МЛ,SARIMAX
5014,6.665,9.06,9.717,МЛ,SARIMAX
5015,5.69,7.73,9.694,МЛ,HoltWinters
5016,11.481,14.6,15.851,МЛ,RandomForest
5017,8.371,10.26,10.461,МЛ,RandomForest
5018,7.659,53.1,25.579,МЛ,SARIMAX
5020,11.541,17.85,22.139,МЛ,HoltWinters
5022,8.786,49.27,,МЛ,RandomForest
5023,59.352,86.86,120.47,МЛ,RandomForest
5024,7.425,31.48,11.346,МЛ,RandomForest
5025,18.839,85.91,,МЛ,HoltWinters
5026,7.727,10.52,11.533,МЛ,RandomForest
5027,8.26,9.59,10.881,МЛ,HoltWinters
5028,8.468,61.96,29.994,МЛ,HoltWinters
5029,9.922,22.36,,МЛ,SARIMAX
5030,5.976,11.61,12.364,МЛ,RandomForest
5031,11.471,14.0,12.682,МЛ,HoltWinters
5033,14.436,53.51,,МЛ,HoltWinters
5034,8.577,12.63,12.218,МЛ,RandomForest
5035,10.413,13.9,11.95,МЛ,RandomForest
5036,10.65,18.79,,МЛ,HoltWinters
5037,7.74,14.87,9.615,МЛ,RandomForest
5038,7.456,15.11,13.132,МЛ,HoltWinters
5039,9.571,15.48,25.181,МЛ,HoltWinters
5040,8.351,12.43,12.076,МЛ,HoltWinters
5041,8.482,12.3,12.219,МЛ,HoltWinters
5042,7.571,13.34,10.692,МЛ,RandomForest
5043,6.72,9.32,9.44,МЛ,HoltWinters
5044,9.053,195.82,17.461,МЛ,HoltWinters
5045,5.823,8.18,12.678,МЛ,HoltWinters
5047,6.337,10.28,13.688,МЛ,HoltWinters
5048,12.453,46.48,,МЛ,SARIMAX
5049,11.664,17.86,,МЛ,RandomForest
5050,8.442,15.41,13.491,МЛ,HoltWinters
5052,5.409,11.02,12.964,МЛ,SARIMAX
5053,7.871,16.33,,МЛ,RandomForest
5055,8.644,10.25,11.881,МЛ,SARIMAX
5056,6.588,10.21,11.128,МЛ,HoltWinters
5057,11.776,13.32,13.161,МЛ,RandomForest
5058,6.434,53.23,21.944,МЛ,SARIMAX
5059,25.969,164.74,210.382,МЛ,HoltWinters
5061,7.529,14.13,12.805,МЛ,HoltWinters
5063,7.866,126.29,22.304,МЛ,RandomForest
5065,7.222,14.23,15.688,МЛ,HoltWinters
5067,94.434,33.19,,веса,"(0.00, 0.07, 0.93)"
5068,8.8,16.65,16.689,МЛ,HoltWinters
5069,74.968,24.36,25.551,веса,"(0.05, 0.24, 0.71)"
5070,7.404,12.81,12.613,МЛ,HoltWinters
5071,10.391,21.53,20.967,МЛ,RandomForest
5072,24218.205,568.64,1215.543,веса,"(0.00, 0.00, 1.00)"
5073,6.678,10.97,13.931,МЛ,HoltWinters
5075,18.186,96.36,65.368,МЛ,HoltWinters
5076,9.716,14.13,13.404,МЛ,HoltWinters
5078,12.646,16.71,17.003,МЛ,SARIMAX
5079,10.207,14.84,13.823,МЛ,HoltWinters
5081,20.254,12.48,13.879,веса,"(0.18, 0.38, 0.44)"
5082,15.353,17.32,17.889,МЛ,RandomForest
5085,7.518,11.57,15.151,МЛ,HoltWinters
5087,8.499,185.72,10.814,МЛ,RandomForest
5088,7.835,9.93,9.963,МЛ,HoltWinters
5089,9.189,13.62,12.763,МЛ,RandomForest
5091,7.362,12.08,13.448,МЛ,HoltWinters
5093,7.776,10.87,13.712,МЛ,HoltWinters
5094,8.711,9.77,12.063,МЛ,SARIMAX
5097,5.499,12.72,11.036,МЛ,HoltWinters
5099,5.437,9.03,15.665,МЛ,RandomForest
5100,7.393,13.12,,МЛ,HoltWinters
5102,6.723,9.99,17.265,МЛ,HoltWinters
5104,10.706,14.79,15.12,МЛ,SARIMAX
5224,11.494,19.3,22.018,МЛ,RandomForest
5226,17.75,13.43,13.052,старая,старая
5972,7.634,10.76,8.95,МЛ,HoltWinters
5974,7.759,10.4,9.2,МЛ,HoltWinters
6394,24.882,22.44,20.289,старая,старая
6398,18.133,42.39,,МЛ,SARIMAX
6399,6.916,10.37,,МЛ,RandomForest
6400,9.317,13.41,8.262,старая,старая
6405,5.013,7.5,9.304,МЛ,RandomForest
6406,5.61,12.08,10.948,МЛ,SARIMAX
6416,7.094,14.36,9.609,МЛ,RandomForest
6417,9.151,9.06,10.539,веса,"(0.15, 0.00, 0.85)"
6418,8.293,1113.69,1493.399,МЛ,HoltWinters
6419,6.694,10.15,15.842,МЛ,HoltWinters
6420,13.624,15.59,14.558,МЛ,RandomForest
6421,10.504,16.93,14.279,МЛ,RandomForest
6422,11.149,13.58,13.618,МЛ,HoltWinters
6423,5.744,12.06,11.514,МЛ,HoltWinters
6424,7.994,29.93,22.002,МЛ,RandomForest
6425,13.397,21.78,22.488,МЛ,SARIMAX
6426,9.073,11.46,14.513,МЛ,SARIMAX
6428,14.706,15.75,12.648,старая,старая
6429,9.074,10.68,12.218,МЛ,RandomForest
6430,5.967,8.09,7.839,МЛ,RandomForest
6431,6.872,10.96,12.836,МЛ,SARIMAX
6433,77.862,239.25,299.326,МЛ,SARIMAX
6435,9.592,19.75,17.292,МЛ,HoltWinters
6438,9.14,21.34,21.639,МЛ,HoltWinters
6439,18.314,19.64,,МЛ,SARIMAX
6443,26.604,16.77,19.83,веса,"(0.02, 0.33, 0.65)"
6444,12.062,18.54,,МЛ,RandomForest
6446,8.948,10.55,11.774,МЛ,HoltWinters
6448,14.105,17.99,17.555,МЛ,SARIMAX
6450,9.281,87.13,39.969,МЛ,RandomForest
6452,5.501,10.48,10.815,МЛ,SARIMAX
6458,476.135,76.38,86.259,веса,"(0.00, 0.08, 0.92)"
6465,11.276,12.47,12.589,МЛ,HoltWinters
6467,7.568,11.1,11.255,МЛ,HoltWinters
6479,13.118,11.65,8.992,старая,старая
6480,7.245,10.9,13.071,МЛ,RandomForest
6481,11.749,16.87,18.71,МЛ,RandomForest
6482,11.576,17.3,15.707,МЛ,RandomForest
6986,6.689,7.22,8.505,МЛ,HoltWinters
7061,9.984,82.5,31.841,МЛ,RandomForest
7064,21.98,24.63,17.289,старая,старая
7066,6.812,595.07,1417.875,МЛ,RandomForest
7067,48.796,21.94,14.131,старая,старая
7073,4.547,83.12,27.308,МЛ,RandomForest
7079,6.861,8.37,10.916,МЛ,SARIMAX
7126,5.057,11.68,16.747,МЛ,HoltWinters
7131,4.52,7.96,7.876,МЛ,HoltWinters
7141,6.835,18.7,13.059,МЛ,HoltWinters
7144,10.998,690.03,24.913,МЛ,SARIMAX
7146,6.182,12.91,13.275,МЛ,SARIMAX
7147,7.53,960.16,22.151,МЛ,RandomForest
7172,10.543,50.99,41.093,МЛ,RandomForest
7192,9.333,16.75,10.875,МЛ,RandomForest
7279,4.28,8.26,8.343,МЛ,HoltWinters
7283,11.679,13.81,10.36,старая,старая
7286,7.372,14.74,14.273,МЛ,RandomForest
7287,12.183,34.13,24.917,МЛ,RandomForest
7314,7.639,15.18,13.372,МЛ,RandomForest
7315,9.117,11.81,20.032,МЛ,RandomForest
7323,9.706,13.9,11.171,МЛ,HoltWinters
7324,9.387,10.95,10.129,МЛ,RandomForest
7330,4.004,7.56,8.319,МЛ,RandomForest
7339,10.03,13.58,14.828,МЛ,RandomForest
7426,6.492,11.11,12.626,МЛ,HoltWinters
7439,14.081,20.41,22.541,МЛ,SARIMAX
7608,10.4,16.58,21.705,МЛ,HoltWinters
7609,6.926,11.89,10.82,МЛ,SARIMAX
8079,8.485,9.23,10.371,МЛ,SARIMAX
8159,9.93,14.64,17.451,МЛ,HoltWinters
8160,8.686,11.36,12.497,МЛ,RandomForest
8174,9.527,11.49,11.253,МЛ,SARIMAX
8181,9.903,15.72,19.293,МЛ,SARIMAX
8214,15.05,28.4,11.35,старая,старая
8308,8.174,20.42,30.934,МЛ,RandomForest
8654,10.203,28.9,31.83,МЛ,HoltWinters
8662,7.972,10.12,10.368,МЛ,SARIMAX
8663,11.543,14.0,15.339,МЛ,RandomForest
8664,10.007,11.57,12.57,МЛ,HoltWinters
8697,9.163,32.97,14.459,МЛ,RandomForest
8698,9.777,10.97,13.872,МЛ,SARIMAX
8714,9.221,15.79,8.524,старая,старая
8727,7.142,11.48,11.264,МЛ,RandomForest
8729,11.262,16.87,15.097,МЛ,HoltWinters
8731,29.157,28.77,36.355,веса,"(0.47, 0.00, 0.53)"
8734,39.316,28.05,16.632,старая,старая
8738,9.104,22.54,21.528,МЛ,HoltWinters
8740,6.454,33.26,52.573,МЛ,RandomForest
8741,27.34,42.29,46.715,МЛ,RandomForest
8742,15.464,15.09,17.221,веса,"(0.27, 0.42, 0.31)"
8747,11.074,17.38,14.269,МЛ,RandomForest
8750,11.103,116.02,13.198,МЛ,RandomForest
8754,5.786,36.7,17.002,МЛ,RandomForest
8774,3.973,8.6,9.567,МЛ,RandomForest
8782,6.685,13.95,14.157,МЛ,RandomForest
8787,9.923,274.89,27.401,МЛ,SARIMAX
8788,12.816,13.71,8.879,старая,старая
8794,6.711,12.64,12.044,МЛ,HoltWinters
8796,5.689,12.28,12.981,МЛ,HoltWinters
8874,31.962,24.54,27.349,веса,"(0.00, 0.59, 0.41)"
8899,7.037,8.9,8.788,МЛ,RandomForest
8901,11.115,44.67,13.686,МЛ,HoltWinters
8903,7.763,11.63,11.977,МЛ,HoltWinters
8907,50.141,13.86,19.246,веса,"(0.12, 0.17, 0.71)"
8911,5.854,9.59,13.482,МЛ,RandomForest
8912,4.947,7.61,9.017,МЛ,RandomForest
8932,10.805,8.5,10.47,веса,"(0.27, 0.08, 0.65)"
8933,9.261,24.88,22.303,МЛ,RandomForest
8934,7.359,10.84,10.016,МЛ,HoltWinters
8935,29.858,12.02,12.13,веса,"(0.52, 0.07, 0.41)"
8958,15.43,53.28,28.634,МЛ,RandomForest
8996,8.761,9.21,15.452,МЛ,SARIMAX
9040,12.667,13.69,14.538,МЛ,SARIMAX
9041,7.983,14.91,11.462,МЛ,SARIMAX
9049,11.121,22.89,12.963,МЛ,HoltWinters
9075,22.41,19.64,31.904,веса,"(0.36, 0.28, 0.36)"
9085,6.202,10.55,8.512,МЛ,SARIMAX
9086,6.586,10.96,11.473,МЛ,RandomForest
9207,4.857,9.67,8.595,МЛ,HoltWinters
9222,4.782,8.74,8.69,МЛ,RandomForest
9241,1001.948,121.52,282.808,веса,"(1.00, 0.00, 0.00)"
9244,2948.848,236.88,1083.913,веса,"(0.35, 0.00, 0.65)"
9245,10.261,9.71,12.487,веса,"(0.13, 0.10, 0.77)"
9304,17.65,23.14,23.548,МЛ,RandomForest
9309,13.806,11.1,14.043,веса,"(0.07, 0.14, 0.79)"
9310,13.204,10.84,32.529,веса,"(0.52, 0.09, 0.39)"
9311,6.314,8.58,9.987,МЛ,HoltWinters
9312,7.402,9.23,9.352,МЛ,RandomForest
9313,6.447,10.36,10.904,МЛ,RandomForest
9314,6.878,834.06,31.82,МЛ,HoltWinters
9315,7.062,10.01,8.933,МЛ,HoltWinters
9316,8.264,11.7,13.094,МЛ,SARIMAX
9317,4.844,8.61,9.579,МЛ,SARIMAX
9318,6.012,10.09,10.451,МЛ,HoltWinters
9319,10.075,10.73,11.854,МЛ,RandomForest
9320,5.362,7.56,9.134,МЛ,SARIMAX
9321,6.032,8.63,10.881,МЛ,RandomForest
9325,22.141,20.23,13.349,старая,старая
9333,5.64,8.13,8.703,МЛ,HoltWinters
9334,8.123,58.78,28.964,МЛ,RandomForest
9335,8.385,9.31,12.223,МЛ,SARIMAX
9337,7.527,17.32,16.576,МЛ,RandomForest
9338,8.436,35.37,12.002,МЛ,HoltWinters
9339,373.828,1321.38,2173.38,МЛ,HoltWinters
9340,5.578,9.38,7.983,МЛ,SARIMAX
9342,8.258,11.6,14.228,МЛ,SARIMAX
9346,8.247,10.52,8.079,старая,старая
9353,6.142,8.86,12.531,МЛ,RandomForest
9354,7.171,11.76,10.287,МЛ,RandomForest
9378,5.331,10.7,10.308,МЛ,SARIMAX
9379,9.342,12.43,13.142,МЛ,RandomForest
9385,13.913,48.67,28.665,МЛ,HoltWinters
9404,8.836,11.21,9.867,МЛ,SARIMAX
9424,7.847,9.05,10.152,МЛ,RandomForest
9426,8.251,13.3,12.441,МЛ,SARIMAX
9430,8.051,16.09,14.325,МЛ,SARIMAX
9431,6.251,8.64,9.303,МЛ,HoltWinters
9465,7.227,69.86,14.136,МЛ,HoltWinters
9509,11.639,9.77,11.048,веса,"(0.01, 0.18, 0.81)"
9511,10.493,9.78,17.739,веса,"(0.01, 0.00, 0.99)"
9516,4.865,9.57,10.821,МЛ,SARIMAX
9521,6.321,16.31,11.768,МЛ,SARIMAX
9719,5.386,7.44,9.349,МЛ,SARIMAX
9720,5.83,7.67,9.417,МЛ,SARIMAX
9724,10.308,18.54,13.555,МЛ,HoltWinters
9745,8.472,8.84,12.262,МЛ,RandomForest
9746,7.194,16.7,15.602,МЛ,HoltWinters
9748,6.397,10.21,10.861,МЛ,RandomForest
9753,8.554,12.12,11.543,МЛ,RandomForest
9755,5.972,8.66,8.778,МЛ,RandomForest
9811,6.961,10.82,9.839,МЛ,SARIMAX
9812,7.886,11.77,11.132,МЛ,RandomForest
31401,12.088,19.06,17.58,МЛ,RandomForest
35001,10.027,13.35,13.221,МЛ,SARIMAX
35401,12.031,15.1,10.002,старая,старая
35403,10.554,16.34,11.934,МЛ,SARIMAX
35804,9.585,11.06,10.628,МЛ,HoltWinters
36001,9.535,13.17,15.643,МЛ,SARIMAX
36002,13.5,22.48,22.529,МЛ,SARIMAX
36004,7.945,9.81,12.668,МЛ,SARIMAX
37401,38.72,37.53,,веса,"(0.00, 0.74, 0.26)"
39201,10.849,16.74,15.481,МЛ,RandomForest
39202,10.447,84.96,33.77,МЛ,SARIMAX
39206,5.674,10.02,11.779,МЛ,HoltWinters
39207,22.25,19.54,13.269,старая,старая
39208,7.375,9.34,11.048,МЛ,RandomForest
39402,7.73,9.08,11.879,МЛ,HoltWinters
39601,5.415,9.62,11.559,МЛ,HoltWinters
39602,10.352,16.17,22.243,МЛ,RandomForest
39605,6.676,12.25,9.134,МЛ,HoltWinters
39606,10.127,45.95,80.726,МЛ,RandomForest
42601,10.136,17.72,16.093,МЛ,RandomForest
44001,5.14,9.04,20.228,МЛ,SARIMAX
44002,5.243,9.15,10.98,МЛ,SARIMAX
45204,11.142,21.23,16.212,МЛ,HoltWinters
47401,10.257,11.86,13.702,МЛ,HoltWinters
49212,5.814,10.43,13.201,МЛ,RandomForest
50601,10.047,8.82,8.066,старая,старая
51601,7.77,10.48,12.811,МЛ,SARIMAX
54402,9.79,13.03,13.312,МЛ,HoltWinters
54403,5.403,9.85,10.366,МЛ,SARIMAX
57401,8.898,14.67,15.707,МЛ,RandomForest
57403,5.663,12.11,11.965,МЛ,SARIMAX
57601,8.382,13.6,13.893,МЛ,HoltWinters
58201,21.042,21.2,14.05,старая,старая
59002,19.493,18.52,14.681,старая,старая
60002,16.826,28.46,28.362,МЛ,RandomForest
60604,7.214,16.15,11.609,МЛ,HoltWinters
61001,8.958,13.06,12.826,МЛ,RandomForest
62201,41.243,226.16,158.712,МЛ,HoltWinters
62403,70.407,104.91,212.223,МЛ,RandomForest
62404,7.84,13.0,12.966,МЛ,HoltWinters
62405,11.721,29.53,24.633,МЛ,HoltWinters
62801,5.839,11.29,12.75,МЛ,SARIMAX
63603,13.139,11.95,15.554,веса,"(0.31, 0.14, 0.55)"
63604,7.366,8.09,13.231,МЛ,SARIMAX
63801,7.625,11.42,8.27,МЛ,RandomForest
63802,9.465,11.68,10.287,МЛ,SARIMAX
63803,26.771,14.43,11.402,старая,старая
64203,7.503,11.11,8.797,МЛ,HoltWinters
64401,8.005,24.16,29.118,МЛ,SARIMAX
64402,9.017,25.11,36.183,МЛ,SARIMAX
64403,5.28,7.98,15.072,МЛ,HoltWinters
64404,15.036,11.07,12.065,веса,"(0.63, 0.00, 0.37)"
64405,8.63,15.08,9.721,МЛ,HoltWinters
64406,16.784,26.44,22.388,МЛ,HoltWinters
64601,33.455,14.01,17.883,веса,"(0.00, 0.12, 0.88)"
64801,9.529,20.13,18.586,МЛ,SARIMAX
65603,4.291,8.19,10.611,МЛ,RandomForest
66202,6.28,15.21,24.687,МЛ,RandomForest
66208,7.362,14.25,8.751,МЛ,SARIMAX
66209,5.121,9.41,12.918,МЛ,RandomForest
69201,7.885,9.17,11.596,МЛ,RandomForest
69401,4.595,12.0,11.453,МЛ,HoltWinters
76802,11.615,17.6,16.978,МЛ,RandomForest
78602,10.99,11.28,10.26,старая,старая
83602,6.108,243.16,375.639,МЛ,SARIMAX
83603,8.992,34.04,26.862,МЛ,HoltWinters
84802,7.142,10.73,7.17,МЛ,HoltWinters
85001,7.231,16.59,14.424,МЛ,RandomForest
89402,5.366,15.17,16.52,МЛ,HoltWinters
89601,10.662,15.66,21.105,МЛ,HoltWinters
89802,9.406,27.09,15.49,МЛ,SARIMAX
90001,8.914,177.12,241.84,МЛ,SARIMAX
90401,6.889,11.49,10.151,МЛ,RandomForest
91401,6.812,10.0,10.641,МЛ,HoltWinters
91802,10.357,60.42,42.691,МЛ,RandomForest
92201,5.039,8.95,10.668,МЛ,RandomForest
92202,5.358,9.26,9.021,МЛ,HoltWinters
92203,8.103,8.9,10.405,МЛ,SARIMAX
92401,7.251,227.99,18.095,МЛ,HoltWinters
92402,10.525,22.05,27.579,МЛ,HoltWinters
92403,12.198,21.06,14.758,МЛ,RandomForest
92404,8.096,48.03,22.337,МЛ,RandomForest
92405,7.469,14.4,12.28,МЛ,HoltWinters
94005,9.757,16.59,14.587,МЛ,HoltWinters
94403,8.289,13.45,21.005,МЛ,HoltWinters
95805,5.96,8.53,9.967,МЛ,SARIMAX
99602,7.577,11.23,12.293,МЛ,HoltWinters
104001,8.247,8.6,10.905,МЛ,SARIMAX
104005,6.599,46.8,10.78,МЛ,HoltWinters
104801,6.214,8.12,8.991,МЛ,RandomForest
104802,5.187,9.82,9.75,МЛ,SARIMAX
114401,12.458,12.49,15.732,МЛ,RandomForest
114602,5.403,6.46,9.372,МЛ,HoltWinters
115002,8.86,14.48,19.911,МЛ,SARIMAX
115003,6.634,21.02,16.488,МЛ,SARIMAX
115007,14.227,22.93,21.036,МЛ,RandomForest
118601,7.793,21.18,14.071,МЛ,SARIMAX
123002,6.035,7.38,9.862,МЛ,HoltWinters
124002,5.341,9.15,20.123,МЛ,HoltWinters
124401,5.68,10.12,9.908,МЛ,RandomForest
125602,7.472,12.45,22.632,МЛ,HoltWinters
125603,8.645,13.96,13.901,МЛ,RandomForest
125604,5.896,9.88,12.201,МЛ,RandomForest
125605,5.337,8.67,11.356,МЛ,SARIMAX
125606,4.077,8.79,9.569,МЛ,HoltWinters
125607,4.875,7.28,9.01,МЛ,SARIMAX
125609,9.348,15.67,13.701,МЛ,HoltWinters
125610,5.851,16.77,14.103,МЛ,SARIMAX
125611,7.262,14.61,13.028,МЛ,RandomForest
125613,7.522,10.77,15.59,МЛ,HoltWinters
125614,602.387,95.56,109.653,веса,"(1.00, 0.00, 0.00)"
125615,12.354,15.46,12.543,МЛ,RandomForest
125616,4.964,184.95,18.473,МЛ,RandomForest
125617,12.469,10.19,10.198,веса,"(0.55, 0.20, 0.25)"
125618,25.565,16.09,14.126,старая,старая
125619,18.213,19.91,14.634,старая,старая
125620,7.124,14.39,13.365,МЛ,RandomForest
125621,10428.368,399.75,4937.784,веса,"(1.00, 0.00, 0.00)"
125622,17472.051,504.78,1015.998,веса,"(1.00, 0.00, 0.00)"
125623,31.893,17.02,16.679,старая,старая
125627,3650.132,457.16,3383.794,веса,"(1.00, 0.00, 0.00)"
125628,88.37,362.77,717.467,МЛ,RandomForest
125629,11.78,23.67,19.211,МЛ,HoltWinters
125631,26.148,22.72,22.627,старая,старая
125632,12.206,17.05,16.11,МЛ,RandomForest
125634,10.937,21.02,18.295,МЛ,HoltWinters
125636,6.717,18.04,16.19,МЛ,HoltWinters
125638,25.0,16.76,13.923,старая,старая
125639,12.96,18.14,20.429,МЛ,HoltWinters
125641,20.52,19.18,16.745,старая,старая
125644,8.151,14.53,20.206,МЛ,SARIMAX
125647,7.164,10.78,11.536,МЛ,RandomForest
125649,14.672,13.67,14.966,веса,"(0.00, 0.41, 0.59)"
125650,7.548,16.1,16.33,МЛ,RandomForest
125655,21.233,12.87,15.402,веса,"(0.00, 0.52, 0.48)"
125656,7.987,15.62,30.336,МЛ,RandomForest
125657,7.286,13.48,28.408,МЛ,RandomForest
125662,7.927,13.99,13.163,МЛ,RandomForest
125668,9.911,14.67,16.623,МЛ,RandomForest
125669,11.144,20.11,17.549,МЛ,RandomForest
126204,5.867,10.37,8.899,МЛ,RandomForest
127001,9.604,12.69,10.415,МЛ,HoltWinters
127003,29.364,18.75,19.081,веса,"(0.60, 0.40, 0.00)"
127801,18.819,21.71,18.669,старая,старая
127802,30.917,30.68,18.105,старая,старая
128201,6.601,14.17,13.917,МЛ,SARIMAX
128801,12.012,29.42,19.9,МЛ,HoltWinters
129003,5.285,11.71,9.508,МЛ,HoltWinters
129004,5.662,11.29,12.873,МЛ,HoltWinters
132002,3.889,9.15,13.871,МЛ,SARIMAX
132203,5.547,9.82,9.836,МЛ,RandomForest
133206,10.006,16.77,15.304,МЛ,RandomForest
133207,16.928,16.49,18.822,веса,"(0.00, 0.40, 0.60)"
133208,6.259,13.32,15.944,МЛ,SARIMAX
133209,14.843,12.13,17.692,веса,"(0.05, 0.06, 0.89)"
133210,10.161,12.44,10.769,МЛ,RandomForest
133211,17.472,15.48,,веса,"(0.13, 0.06, 0.81)"
133212,12.271,23.47,21.579,МЛ,HoltWinters
133213,9.925,12.98,14.333,МЛ,RandomForest
133214,24.865,15.7,28.279,веса,"(0.06, 0.32, 0.62)"
133215,14.198,15.91,14.824,МЛ,RandomForest
133216,14.193,18.48,,МЛ,RandomForest
133222,8.684,14.46,13.548,МЛ,SARIMAX
133223,53.545,20.91,18.274,старая,старая
133225,9.54,12.44,11.519,МЛ,RandomForest
133227,13.711,12.35,10.717,старая,старая
133228,16.799,11.22,11.249,веса,"(0.56, 0.11, 0.33)"
133229,8.328,11.54,11.671,МЛ,RandomForest
133230,16.627,15.18,19.861,веса,"(0.01, 0.00, 0.99)"
133232,9.125,11.82,9.192,МЛ,SARIMAX
133235,7.435,15.56,16.621,МЛ,RandomForest
133237,11.818,20.11,17.339,МЛ,HoltWinters
133238,10.118,17.05,21.698,МЛ,RandomForest
133239,19.097,62.92,18.911,старая,старая
133240,5.318,14.37,15.008,МЛ,SARIMAX
133241,7.564,12.89,17.299,МЛ,HoltWinters
133242,10.033,18.09,11.64,МЛ,SARIMAX
133244,11.122,61.9,46.622,МЛ,HoltWinters
133245,7.174,18.03,17.031,МЛ,SARIMAX
133246,10.805,13.9,13.974,МЛ,RandomForest
133248,13.774,14.83,16.229,МЛ,SARIMAX
133249,7.73,14.51,15.974,МЛ,SARIMAX
133252,10.787,10.41,11.465,веса,"(0.00, 0.09, 0.91)"
133253,9.635,45.19,60.799,МЛ,RandomForest
133255,8.78,50.16,11.887,МЛ,SARIMAX
133256,6.501,7.64,8.628,МЛ,RandomForest
133257,6.879,9.32,17.877,МЛ,HoltWinters
133259,23.126,25.22,,МЛ,SARIMAX
133260,22.137,16.96,14.158,старая,старая
133264,10.445,12.53,,МЛ,HoltWinters
133265,8.807,14.01,12.624,МЛ,RandomForest
133266,8.268,9.57,10.089,МЛ,SARIMAX
133268,6.481,12.0,10.374,МЛ,RandomForest
133269,16.351,11.19,18.743,веса,"(0.04, 0.08, 0.88)"
133271,225.239,33.5,66.418,веса,"(0.00, 0.00, 1.00)"
133272,6.358,9.81,10.036,МЛ,RandomForest
133273,15.118,19.83,11.912,старая,старая
133274,10.797,10.5,9.964,старая,старая
133275,13.245,20.53,13.897,МЛ,RandomForest
133276,21.236,10.83,12.896,веса,"(0.63, 0.15, 0.22)"
133277,8.5,10.3,11.243,МЛ,RandomForest
133282,10.925,13.12,10.98,МЛ,RandomForest
133283,66.221,37.81,,веса,"(0.00, 0.79, 0.21)"
133284,541.903,86.95,107.343,веса,"(0.65, 0.02, 0.33)"
133285,10.152,16.89,15.237,МЛ,HoltWinters
133286,8.638,18.39,26.919,МЛ,SARIMAX
133287,178.91,28.0,39.012,веса,"(0.07, 0.00, 0.93)"
133288,24.414,16.02,16.352,веса,"(0.27, 0.09, 0.64)"
133289,5.515,15.85,19.46,МЛ,RandomForest
133292,6.493,9.19,12.315,МЛ,RandomForest
133293,8.404,14.12,10.789,МЛ,RandomForest
133294,11.299,12.5,12.133,МЛ,SARIMAX
133295,4.855,7.67,11.136,МЛ,SARIMAX
133296,6.22,8.71,9.153,МЛ,RandomForest
133297,10.789,8.68,11.568,веса,"(0.06, 0.00, 0.94)"
133298,6.899,8.19,10.507,МЛ,SARIMAX
133299,8.309,11.52,10.555,МЛ,RandomForest
133300,8.533,10.57,,МЛ,RandomForest
133301,8.179,20.32,24.276,МЛ,RandomForest
133302,7.056,12.57,,МЛ,SARIMAX
133303,27.287,23.09,21.81,старая,старая
133304,7.113,11.38,10.217,МЛ,RandomForest
133305,8.322,17.02,10.554,МЛ,RandomForest
133306,11.197,12.28,10.191,старая,старая
133308,7.944,16.09,19.787,МЛ,SARIMAX
133309,8.675,11.71,12.299,МЛ,RandomForest
133311,14.07,12.62,8.923,старая,старая
133313,13.316,12.68,9.447,старая,старая
133314,9.548,13.09,16.231,МЛ,RandomForest
133315,8.45,9.88,,МЛ,RandomForest
133316,30.688,18.03,18.699,веса,"(0.05, 0.52, 0.43)"
133317,17.795,22.11,,МЛ,RandomForest
133318,6.408,147.66,30.825,МЛ,HoltWinters
133319,6.323,9.58,13.841,МЛ,SARIMAX
133320,17.767,34.18,25.384,МЛ,RandomForest
133321,7.784,16.07,17.008,МЛ,RandomForest
133322,7.526,14.82,17.032,МЛ,HoltWinters
133324,16.76,21.86,24.329,МЛ,SARIMAX
133325,19.805,14.0,,веса,"(0.00, 0.30, 0.70)"
133327,11.55,17.94,17.82,МЛ,RandomForest
133328,8.468,18.82,43.575,МЛ,RandomForest
133330,12.482,27.09,,МЛ,SARIMAX
133331,7.907,14.27,19.625,МЛ,SARIMAX
133332,12.856,10.28,10.948,веса,"(0.22, 0.09, 0.69)"
133333,13.717,11.26,,веса,"(0.16, 0.00, 0.84)"
133334,5.331,9.62,9.131,МЛ,RandomForest
133335,10.31,14.51,14.524,МЛ,HoltWinters
133336,8.43,15.04,17.668,МЛ,RandomForest
133337,20.859,16.95,19.193,веса,"(0.37, 0.14, 0.49)"
133338,4.897,10.65,12.316,МЛ,RandomForest
133340,10.123,21.77,10.749,МЛ,HoltWinters
133341,11.814,12.85,13.614,МЛ,HoltWinters
133342,5.712,8.75,10.966,МЛ,RandomForest
133343,11.988,15.19,16.032,МЛ,HoltWinters
133344,11.813,28.94,30.057,МЛ,RandomForest
133345,9.159,15.08,14.486,МЛ,RandomForest
133346,12.42,14.27,14.691,МЛ,RandomForest
133348,11.533,14.42,13.495,МЛ,RandomForest
133349,14.802,13.89,17.44,веса,"(0.08, 0.26, 0.66)"
133350,5.04,12.31,12.231,МЛ,SARIMAX
133351,9.493,17.06,15.882,МЛ,RandomForest
133352,5.607,12.9,11.303,МЛ,HoltWinters
133353,15.851,17.08,15.367,старая,старая
133354,6.956,9.21,9.879,МЛ,RandomForest
133355,9.062,17.49,,МЛ,HoltWinters
133356,8.418,8.24,,веса,"(0.03, 0.06, 0.91)"
133357,11.463,11.32,12.282,веса,"(0.23, 0.16, 0.61)"
133358,7.534,11.29,13.288,МЛ,SARIMAX
133359,6.242,11.04,12.803,МЛ,HoltWinters
133361,126.883,68.91,117.85,веса,"(1.00, 0.00, 0.00)"
133363,8.097,48.07,82.963,МЛ,SARIMAX
133364,10.75,38.29,64.182,МЛ,RandomForest
133365,8.655,11.17,13.277,МЛ,RandomForest
133367,6.396,9.43,11.807,МЛ,RandomForest
133368,8.405,16.09,22.351,МЛ,RandomForest
133370,17.678,13.46,13.73,веса,"(0.51, 0.08, 0.41)"
133371,401.399,76.87,,веса,"(0.00, 0.01, 0.99)"
133372,6.205,8.85,9.401,МЛ,SARIMAX
133376,15.411,9.82,10.288,веса,"(0.36, 0.18, 0.46)"
133377,10.637,13.31,15.403,МЛ,SARIMAX
133378,11.991,15.14,13.246,МЛ,SARIMAX
133379,11.165,11.97,9.673,старая,старая
133380,36.358,27.27,24.116,старая,старая
133381,12.097,10.98,,веса,"(0.12, 0.23, 0.65)"
133383,9.01,12.2,12.699,МЛ,SARIMAX
133386,6.529,7.8,10.274,МЛ,HoltWinters
133387,64.44,52.91,63.889,веса,"(0.00, 0.21, 0.79)"
133388,9.987,48.43,75.456,МЛ,SARIMAX
133393,10.508,8.65,11.706,веса,"(0.04, 0.13, 0.83)"
133394,19.405,12.19,14.476,веса,"(0.19, 0.40, 0.41)"
133396,6.872,8.26,10.943,МЛ,RandomForest
133397,6.936,9.07,9.333,МЛ,RandomForest
133399,17.063,14.07,16.578,веса,"(0.00, 0.18, 0.82)"
133400,8.141,10.12,10.484,МЛ,HoltWinters
133401,7.411,13.71,14.481,МЛ,RandomForest
133402,7.48,17.29,17.722,МЛ,HoltWinters
133405,7.196,8.29,9.558,МЛ,RandomForest
133406,9.228,14.23,26.396,МЛ,RandomForest
133407,6.268,7.92,10.868,МЛ,RandomForest
133408,9.226,10.03,,МЛ,SARIMAX
133410,11.494,13.25,14.414,МЛ,RandomForest
133411,19.497,10.01,10.92,веса,"(0.19, 0.03, 0.78)"
133425,7.363,8.96,11.12,МЛ,HoltWinters
133426,9.679,475.76,681.914,МЛ,HoltWinters
133433,6.324,12.44,12.519,МЛ,SARIMAX
133434,26.91,22.34,16.123,старая,старая
133436,20.94,41.08,16.449,старая,старая
133437,8.05,18.55,17.307,МЛ,RandomForest
133438,7.822,11.99,9.042,МЛ,RandomForest
133439,10.075,13.45,25.042,МЛ,RandomForest
133440,8.404,17.62,14.639,МЛ,SARIMAX
133441,9.177,9.65,11.613,МЛ,RandomForest
133442,8.468,13.1,18.4,МЛ,HoltWinters
133443,7.31,10.42,8.894,МЛ,RandomForest
133444,6.878,14.71,12.463,МЛ,HoltWinters
133447,9.674,34.58,117.518,МЛ,RandomForest
133448,8.04,14.1,9.698,МЛ,HoltWinters
133449,15.399,24.02,18.836,МЛ,HoltWinters
133450,18.488,9.26,11.915,веса,"(0.43, 0.00, 0.57)"
133451,16.927,11.34,12.218,веса,"(0.42, 0.26, 0.32)"
133452,12.201,17.55,13.238,МЛ,HoltWinters
133453,9.482,9.83,10.666,МЛ,SARIMAX
133454,8.753,13.84,12.924,МЛ,SARIMAX
133455,7.306,8.0,12.602,МЛ,SARIMAX
133456,12.44,16.82,13.424,МЛ,HoltWinters
133457,8.216,8.95,7.974,старая,старая
133458,7.924,8.36,7.628,старая,старая
133459,5.765,9.27,8.702,МЛ,RandomForest
133460,15.404,12.49,10.22,старая,старая
133461,7.099,10.11,9.812,МЛ,HoltWinters
133462,18.527,13.21,20.965,веса,"(0.02, 0.21, 0.77)"
133463,13.728,75.66,44.353,МЛ,RandomForest
133464,12.727,49.44,23.589,МЛ,RandomForest
133465,22.375,13.61,11.647,старая,старая
133468,9.612,14.59,11.197,МЛ,SARIMAX
133469,86.671,16.61,24.227,веса,"(0.66, 0.00, 0.34)"
133470,10.121,13.7,12.342,МЛ,HoltWinters
133471,7.427,8.52,11.108,МЛ,RandomForest
133472,11.736,11.12,10.08,старая,старая
133473,6.988,9.47,10.647,МЛ,SARIMAX
133474,7.726,13.56,12.532,МЛ,SARIMAX
133475,7.458,14.1,10.814,МЛ,HoltWinters
133476,9.406,17.09,14.956,МЛ,SARIMAX
133477,8.682,11.15,10.614,МЛ,SARIMAX
133478,13.809,16.47,17.494,МЛ,HoltWinters
133479,7.561,12.62,51.319,МЛ,HoltWinters
133480,10.843,12.32,21.086,МЛ,SARIMAX
133481,12.393,19.61,17.756,МЛ,RandomForest
133482,20.555,93.3,77.238,МЛ,HoltWinters
133483,11.147,16.14,15.333,МЛ,RandomForest
133484,12.457,31.75,18.369,МЛ,HoltWinters
133485,47.563,19.05,20.716,веса,"(0.49, 0.10, 0.41)"
133486,12.659,13.79,15.546,МЛ,RandomForest
133487,10.384,8.1,40.768,веса,"(0.21, 0.27, 0.52)"
133488,10.808,25.44,21.042,МЛ,HoltWinters
133489,7.59,12.41,15.072,МЛ,RandomForest
133490,7.655,47.62,18.674,МЛ,HoltWinters
133492,11.319,18.54,20.425,МЛ,HoltWinters
133493,37.113,24.41,28.297,веса,"(0.00, 0.80, 0.20)"
133494,17.784,14.06,9.963,старая,старая
133495,16.096,13.32,17.447,веса,"(0.20, 0.29, 0.51)"
133496,17.435,9.46,10.638,веса,"(0.44, 0.24, 0.32)"
133498,10.436,10.44,11.735,МЛ,RandomForest
133499,6.94,23.42,29.552,МЛ,RandomForest
133501,189.49,35.24,49.269,веса,"(0.06, 0.09, 0.85)"
133506,7.896,17.83,14.075,МЛ,RandomForest
133507,8.151,10.0,10.27,МЛ,HoltWinters
133508,8.681,11.05,9.257,МЛ,HoltWinters
133509,8.561,29.26,22.016,МЛ,HoltWinters
133511,14.572,30.09,28.346,МЛ,RandomForest
133513,8.193,11.96,9.414,МЛ,RandomForest
133514,14.33,17.37,15.305,МЛ,RandomForest
133515,6.172,8.02,9.414,МЛ,RandomForest
133517,14.274,16.99,14.079,старая,старая
133518,27.252,18.24,21.213,веса,"(0.00, 0.28, 0.72)"
133519,7.497,12.1,11.515,МЛ,RandomForest
133520,469.339,56.13,124.719,веса,"(0.22, 0.00, 0.78)"
133522,12.415,48.86,65.53,МЛ,SARIMAX
133523,8.792,9.37,12.299,МЛ,SARIMAX
133525,5.139,6.98,15.492,МЛ,SARIMAX
133526,16.025,14.64,11.114,старая,старая
133527,5.446,9.69,8.967,МЛ,RandomForest
133528,13.122,12.34,11.123,старая,старая
133529,5.983,11.06,9.576,МЛ,HoltWinters
133530,11.046,8.94,7.775,старая,старая
133531,6.33,9.04,18.981,МЛ,RandomForest
133533,16.167,17.39,14.207,старая,старая
133534,7.559,10.63,9.817,МЛ,RandomForest
133535,18.663,19.02,35.948,МЛ,RandomForest
133536,11.069,318.99,50.131,МЛ,HoltWinters
133539,9.279,22.83,18.986,МЛ,RandomForest
133540,16.104,16.01,13.741,старая,старая
133541,9.218,11.3,10.773,МЛ,SARIMAX
133542,8.301,21.3,23.001,МЛ,RandomForest
133543,12.735,18.7,24.318,МЛ,SARIMAX
133544,6.506,8.49,10.026,МЛ,SARIMAX
133545,8.352,9.71,11.965,МЛ,SARIMAX
133546,5.841,8.63,10.139,МЛ,SARIMAX
133547,7.876,12.19,13.019,МЛ,RandomForest
133548,54.527,10.54,17.26,веса,"(0.00, 0.25, 0.75)"
133549,9.191,173.71,292.229,МЛ,RandomForest
133550,7.826,9.86,36.831,МЛ,RandomForest
133553,6.633,10.07,15.605,МЛ,HoltWinters
133554,13.482,15.43,15.295,МЛ,RandomForest
133556,8.105,10.81,9.529,МЛ,RandomForest
133557,7.368,13.62,13.172,МЛ,RandomForest
133558,9.006,15.46,13.192,МЛ,RandomForest
133559,7.43,10.08,,МЛ,RandomForest
133561,7.755,8.98,9.535,МЛ,RandomForest
133564,6.748,8.61,10.951,МЛ,SARIMAX
133565,21.368,14.71,11.251,старая,старая
133566,16.584,18.11,,МЛ,HoltWinters
133567,5.394,12.41,12.179,МЛ,SARIMAX
133568,7.004,9.28,10.465,МЛ,HoltWinters
133569,7.859,8.79,8.012,МЛ,HoltWinters
133570,10.06,10.41,9.515,старая,старая
133571,10.195,9.52,11.881,веса,"(0.02, 0.42, 0.56)"
133572,13.877,29.22,37.903,МЛ,HoltWinters
133573,7.765,12.14,11.341,МЛ,RandomForest
133574,9.463,14.4,11.453,МЛ,HoltWinters
133575,9.289,11.0,11.516,МЛ,HoltWinters
133577,4.044,10.6,12.78,МЛ,SARIMAX
133582,13.713,16.2,16.758,МЛ,HoltWinters
133583,14.066,26.14,26.864,МЛ,SARIMAX
133584,7.928,12.54,12.361,МЛ,RandomForest
133589,16.667,12.96,7.732,старая,старая
133591,11.389,13.66,10.618,старая,старая
133592,8.427,7.67,9.875,веса,"(0.09, 0.02, 0.89)"
133597,6.704,7.32,7.124,МЛ,SARIMAX
133599,7.086,12.86,10.642,МЛ,RandomForest
133600,8.516,16.1,19.688,МЛ,RandomForest
133601,9.578,12.17,9.181,старая,старая
133602,7.778,18.56,12.313,МЛ,RandomForest
133603,15.298,11.57,10.787,старая,старая
133604,19.441,20.36,14.139,старая,старая
133605,7.676,9.75,9.751,МЛ,RandomForest
133606,19.833,13.76,16.078,веса,"(0.10, 0.04, 0.86)"
133607,5.607,11.28,13.656,МЛ,RandomForest
133608,4.878,10.46,9.951,МЛ,HoltWinters
133609,8.129,12.1,10.651,МЛ,RandomForest
133610,9.606,12.53,11.356,МЛ,HoltWinters
133611,6.326,8.89,13.837,МЛ,HoltWinters
133612,16.727,18.41,17.697,МЛ,RandomForest
133613,22.917,14.17,11.95,старая,старая
133614,4.748,6.82,8.079,МЛ,SARIMAX
133615,7.003,12.79,14.16,МЛ,RandomForest
133616,6.122,7.59,8.424,МЛ,HoltWinters
133617,6.231,7.17,8.73,МЛ,SARIMAX
133618,6.854,12.99,13.945,МЛ,RandomForest
133619,8.935,8.61,9.387,веса,"(0.20, 0.08, 0.72)"
133620,16.297,11.95,10.192,старая,старая
133621,8.489,15.47,17.786,МЛ,HoltWinters
133625,11.825,15.39,14.811,МЛ,RandomForest
133626,6.491,12.0,9.248,МЛ,HoltWinters
133627,8.529,13.92,12.315,МЛ,RandomForest
133629,5.144,9.17,9.037,МЛ,HoltWinters
133630,11.229,10.74,8.787,старая,старая
133631,9.549,11.3,11.661,МЛ,HoltWinters
133632,5.827,8.88,11.527,МЛ,RandomForest
133633,7.703,11.0,9.452,МЛ,RandomForest
133634,6.21,8.62,9.339,МЛ,RandomForest
133636,9.798,12.25,11.597,МЛ,HoltWinters
133637,10.298,10.79,13.763,МЛ,RandomForest
133638,6.777,9.97,10.089,МЛ,SARIMAX
133639,7.095,52.91,27.356,МЛ,RandomForest
133640,16.249,19.87,12.685,старая,старая
133641,12.731,11.52,10.245,старая,старая
133642,8.798,13.99,11.226,МЛ,RandomForest
133644,5.568,8.52,9.467,МЛ,RandomForest
133645,10.426,10.61,10.895,МЛ,RandomForest
133649,40.631,17.72,20.488,веса,"(0.30, 0.53, 0.17)"
133650,4.783,10.43,11.376,МЛ,RandomForest
133652,6.119,7.67,9.111,МЛ,HoltWinters
133653,5.507,9.7,9.367,МЛ,RandomForest
133655,5.511,9.52,10.492,МЛ,SARIMAX
133656,5.215,7.75,8.952,МЛ,RandomForest
133657,5.932,10.35,9.36,МЛ,SARIMAX
133659,8.087,9.45,12.322,МЛ,RandomForest
133660,10.299,15.93,12.973,МЛ,RandomForest
133662,10.954,82.95,134.385,МЛ,RandomForest
133663,13.121,11.57,9.919,старая,старая
133664,7.274,8.57,8.326,МЛ,RandomForest
133666,5.073,10.07,9.985,МЛ,RandomForest
133667,8.115,11.32,12.064,МЛ,SARIMAX
133668,9.667,14.92,14.008,МЛ,RandomForest
133670,5.996,7.73,8.993,МЛ,HoltWinters
133671,12.859,13.56,12.588,старая,старая
133672,8.741,11.66,9.144,МЛ,HoltWinters
133673,5.454,8.77,8.387,МЛ,RandomForest
133674,5.136,6.64,6.742,МЛ,RandomForest
133675,9.505,14.45,12.328,МЛ,RandomForest
133676,7.926,18.29,17.236,МЛ,RandomForest
133678,7.753,8.16,9.499,МЛ,HoltWinters
133679,5.969,8.95,8.246,МЛ,RandomForest
133680,10.557,12.74,11.38,МЛ,HoltWinters
133682,8.683,12.55,11.213,МЛ,SARIMAX
133685,5.528,7.95,8.112,МЛ,RandomForest
133686,4.778,5.94,7.802,МЛ,RandomForest
133689,6.534,8.31,9.277,МЛ,HoltWinters
133690,6.573,9.53,12.079,МЛ,HoltWinters
133693,5.992,9.57,9.683,МЛ,SARIMAX
133695,6.108,805.06,1966.257,МЛ,HoltWinters
133696,19.166,12.2,10.482,старая,старая
133697,7.904,15.46,17.691,МЛ,SARIMAX
133698,7.001,7.16,10.019,МЛ,SARIMAX
133699,6.529,11.94,8.922,МЛ,SARIMAX
133700,9.81,14.79,12.836,МЛ,SARIMAX
133702,7.374,7.8,8.399,МЛ,HoltWinters
133703,7.496,9.5,13.037,МЛ,SARIMAX
133706,4.932,9.96,10.078,МЛ,RandomForest
133707,9.696,13.92,16.342,МЛ,RandomForest
133708,8.592,16.1,20.924,МЛ,RandomForest
133709,11.619,16.17,21.657,МЛ,RandomForest
133710,10.567,9.73,11.673,веса,"(0.28, 0.00, 0.72)"
133711,13.496,15.05,16.589,МЛ,HoltWinters
133712,6.887,11.96,11.333,МЛ,RandomForest
133713,14.482,13.71,14.993,веса,"(0.45, 0.43, 0.12)"
133714,11.924,15.35,15.705,МЛ,RandomForest
133715,7.301,11.4,10.579,МЛ,RandomForest
133716,14.788,17.81,15.354,МЛ,RandomForest
133718,14.469,10.08,11.785,веса,"(0.73, 0.14, 0.13)"
133719,46.784,11.6,15.457,веса,"(1.00, 0.00, 0.00)"
133720,7.551,10.43,10.896,МЛ,HoltWinters
133721,13.223,11.02,12.978,веса,"(0.00, 0.19, 0.81)"
133723,5.568,8.61,10.291,МЛ,HoltWinters
133724,12.3,28.84,40.844,МЛ,HoltWinters
133725,11.653,14.26,15.604,МЛ,RandomForest
133727,4.528,7.41,9.324,МЛ,SARIMAX
133728,9.204,11.73,11.191,МЛ,SARIMAX
133732,7.907,9.12,11.0,МЛ,RandomForest
133733,26.674,20.87,16.933,старая,старая
133735,11.984,15.66,17.092,МЛ,HoltWinters
133736,15.06,72.13,184.447,МЛ,RandomForest
133738,4.033,9.28,10.612,МЛ,SARIMAX
133739,8.112,19.26,17.18,МЛ,RandomForest
133740,171.976,75.85,97.964,веса,"(0.00, 0.86, 0.14)"
133743,6.626,9.28,10.142,МЛ,HoltWinters
133744,15.974,12.59,17.158,веса,"(0.00, 0.06, 0.94)"
133748,6.437,10.35,11.22,МЛ,RandomForest
133749,12.297,17.71,16.467,МЛ,SARIMAX
133750,18.857,28.84,25.751,МЛ,RandomForest
133751,8.238,11.6,13.033,МЛ,RandomForest
133752,11.785,15.39,13.673,МЛ,RandomForest
133756,14.871,48.9,11.954,старая,старая
133757,29.662,11.27,19.01,веса,"(0.13, 0.05, 0.82)"
133758,13.802,15.54,19.566,МЛ,HoltWinters
133759,11.85,13.31,17.805,МЛ,RandomForest
133760,15.848,18.08,15.165,старая,старая
133761,53.457,37.9,375.704,веса,"(0.78, 0.22, -0.00)"
133763,11.612,14.56,14.602,МЛ,RandomForest
133764,9.005,12.21,14.74,МЛ,RandomForest
133765,10.017,15.64,26.923,МЛ,HoltWinters
133768,14.557,15.58,16.081,МЛ,SARIMAX
133769,62.168,33.11,30.245,старая,старая
133770,31.808,12.66,16.771,веса,"(0.00, 0.33, 0.67)"
133771,6.402,8.87,16.345,МЛ,RandomForest
133774,22.716,13.1,18.799,веса,"(0.23, 0.32, 0.45)"
133777,13.569,17.27,17.109,МЛ,RandomForest
133778,74.365,17.25,24.162,веса,"(0.13, 0.63, 0.24)"
133779,22.115,21.67,23.156,веса,"(0.00, 0.32, 0.68)"
133780,17.554,17.06,11.374,старая,старая
133781,21.74,18.24,13.985,старая,старая
133782,6.699,9.46,13.213,МЛ,RandomForest
133783,9.472,9.16,14.769,веса,"(0.00, 0.19, 0.81)"
133784,10.435,10.28,11.253,веса,"(0.07, 0.22, 0.71)"
133785,25.855,9.37,11.731,веса,"(0.18, 0.44, 0.38)"
133786,18.23,9.24,10.839,веса,"(0.00, 0.22, 0.78)"
133787,33.945,12.01,16.042,веса,"(0.15, 0.28, 0.57)"
133789,5.726,8.65,15.036,МЛ,RandomForest
133790,6.023,9.63,10.277,МЛ,RandomForest
133791,28.271,10.52,14.04,веса,"(0.00, 0.18, 0.82)"
133792,10.159,12.84,16.33,МЛ,RandomForest
133793,21.625,10.8,12.089,веса,"(0.21, 0.15, 0.64)"
133794,6.933,8.88,10.248,МЛ,RandomForest
133796,32.777,13.21,11.251,старая,старая
133798,17.688,12.4,11.366,старая,старая
133802,19.293,11.27,12.866,веса,"(0.00, 0.35, 0.65)"
133804,26.928,12.83,18.813,веса,"(0.00, 0.33, 0.67)"
133805,29.41,11.88,12.248,веса,"(0.82, 0.01, 0.17)"
133806,48.886,24.7,19.518,старая,старая
133807,7.863,15.47,15.303,МЛ,HoltWinters
133808,13.753,15.01,13.8,МЛ,HoltWinters
133809,7.295,17.97,12.463,МЛ,RandomForest
133810,11.278,23.41,30.522,МЛ,HoltWinters
133811,16.706,26.03,31.166,МЛ,RandomForest
133812,12.342,13.82,16.067,МЛ,RandomForest
133813,31.149,33.58,33.804,МЛ,RandomForest
134001,15.356,118.31,171.139,МЛ,SARIMAX
134002,22.469,14.23,16.837,веса,"(0.01, 0.42, 0.57)"
134003,30.235,15.83,15.73,старая,старая
134004,6.49,7.91,10.435,МЛ,RandomForest
134005,7.585,9.62,9.662,МЛ,RandomForest
134007,8.062,45.16,66.431,МЛ,RandomForest
134009,7.749,10.59,10.765,МЛ,HoltWinters
134010,6.081,12.92,8.161,МЛ,SARIMAX
134011,17.927,16.84,12.886,старая,старая
134014,22.101,12.0,14.18,веса,"(0.50, 0.22, 0.28)"
134015,21.531,53.4,80.525,МЛ,RandomForest
134017,10.902,16.62,14.703,МЛ,RandomForest
134020,9.919,14.41,24.236,МЛ,RandomForest
134021,4.357,8.93,13.854,МЛ,RandomForest
134022,23.573,13.0,15.966,веса,"(0.14, 0.47, 0.39)"
134024,22.89,16.81,17.746,веса,"(0.71, 0.11, 0.18)"
134026,13.213,18.69,15.364,МЛ,RandomForest
134029,10.456,12.38,14.368,МЛ,RandomForest
134030,40.62,14.11,,веса,"(0.24, 0.18, 0.58)"
134031,7.061,10.37,9.428,МЛ,RandomForest
134034,8.924,11.28,14.294,МЛ,HoltWinters
134035,7.694,11.06,12.845,МЛ,RandomForest
134036,10.406,9.03,10.539,веса,"(0.31, 0.22, 0.47)"
134037,11.648,11.88,13.98,МЛ,RandomForest
134039,14.75,79.8,63.847,МЛ,HoltWinters
134040,9.365,185.21,45.771,МЛ,SARIMAX
134041,9.921,16.0,18.518,МЛ,SARIMAX
134042,10.466,16.43,18.157,МЛ,RandomForest
134043,7.727,11.12,13.393,МЛ,RandomForest
134044,9.911,18.37,17.356,МЛ,SARIMAX
134045,8.279,10.52,11.794,МЛ,HoltWinters
134047,7.225,14.17,15.651,МЛ,RandomForest
134048,11.713,14.64,17.509,МЛ,SARIMAX
134049,37.134,997.6,2103.352,МЛ,RandomForest
134050,10.332,22.5,25.412,МЛ,RandomForest
134053,7.258,12.4,12.346,МЛ,RandomForest
134054,20.193,22.05,18.732,старая,старая
134055,6.225,16.18,27.613,МЛ,RandomForest
134057,5.271,8.84,13.27,МЛ,RandomForest
134058,5.774,8.87,10.636,МЛ,SARIMAX
134059,7.056,10.56,16.356,МЛ,SARIMAX
134060,12.977,8.9,11.687,веса,"(0.08, 0.06, 0.86)"
134061,47.213,34.11,56.745,веса,"(0.02, 0.35, 0.63)"
134062,8.29,19.46,20.187,МЛ,RandomForest
134063,10.477,387.86,38.051,МЛ,RandomForest
134064,7.133,227.23,10.776,МЛ,RandomForest
134065,12.748,17.27,16.962,МЛ,HoltWinters
134067,27.507,16.14,16.564,веса,"(0.13, 0.45, 0.42)"
134068,6.509,9.82,12.731,МЛ,RandomForest
134069,20.025,19.37,15.811,старая,старая
134071,8.559,47.15,16.419,МЛ,RandomForest
134072,6.778,16.77,14.55,МЛ,HoltWinters
134073,13.701,65.93,64.327,МЛ,SARIMAX
134074,17.112,47.03,24.45,МЛ,HoltWinters
134075,16.58,18.32,12.563,старая,старая
134076,17.291,23.15,14.001,старая,старая
134120,7.068,9.31,10.344,МЛ,SARIMAX
134121,7.313,8.14,11.53,МЛ,HoltWinters
134122,8.442,13.96,12.336,МЛ,HoltWinters
134123,616.824,94.58,132.41,веса,"(0.04, 0.01, 0.95)"
134124,8.912,16.73,25.685,МЛ,RandomForest
134125,8.074,11.96,11.734,МЛ,HoltWinters
134126,8.963,13.35,16.69,МЛ,RandomForest
134127,8.805,9.7,9.479,МЛ,RandomForest
134128,917.009,113.72,166.645,веса,"(0.05, 0.00, 0.95)"
134131,19.942,26.75,32.07,МЛ,RandomForest
134132,24.076,14.1,12.403,старая,старая
134133,91.713,208.63,307.989,МЛ,HoltWinters
134134,11.034,9.69,11.551,веса,"(0.04, 0.10, 0.86)"
134135,24.419,12.8,12.509,старая,старая
134140,1143.301,161.76,221.664,веса,"(0.10, 0.00, 0.90)"
134141,7.455,10.2,10.196,МЛ,RandomForest
134142,7.67,13.62,19.897,МЛ,HoltWinters
134143,11.271,11.36,12.752,МЛ,HoltWinters
134144,6.623,83.61,133.662,МЛ,HoltWinters
134145,6.492,11.71,9.413,МЛ,RandomForest
134146,10.986,16.46,12.422,МЛ,SARIMAX
134147,7.072,11.58,11.89,МЛ,RandomForest
134148,7.547,18.93,17.32,МЛ,SARIMAX
134150,8.486,13.81,16.661,МЛ,RandomForest
134151,10.111,12.31,9.884,старая,старая
134152,9.062,21.5,24.79,МЛ,RandomForest
134153,14.716,13.88,10.68,старая,старая
134154,7.969,174.26,299.359,МЛ,SARIMAX
134155,10.283,14.57,41.627,МЛ,RandomForest
134156,18.544,13.96,14.28,веса,"(0.59, 0.14, 0.27)"
134157,7.08,12.82,11.719,МЛ,RandomForest
134159,9.255,19.88,31.234,МЛ,HoltWinters
134160,23.816,68.15,73.984,МЛ,HoltWinters
134162,6.944,9.24,10.323,МЛ,SARIMAX
134163,6.986,9.9,11.759,МЛ,RandomForest
134164,10.575,18.1,11.723,МЛ,RandomForest
134167,87.73,13.82,13.151,старая,старая
134169,7.629,16.55,14.447,МЛ,RandomForest
134170,12.392,11.41,11.973,веса,"(0.67, 0.24, 0.09)"
134171,43.868,20.86,30.176,веса,"(0.00, 0.45, 0.55)"
134173,6.674,10.12,17.219,МЛ,SARIMAX
134174,9.891,16.21,16.26,МЛ,SARIMAX
134176,8.077,10.38,12.704,МЛ,RandomForest
134177,9.593,12.87,15.57,МЛ,RandomForest
134178,11.702,13.16,11.497,старая,старая
134179,6.972,10.08,10.944,МЛ,RandomForest
134180,8.484,16.2,12.619,МЛ,RandomForest
134183,6.939,11.19,12.985,МЛ,RandomForest
134184,15.612,11.72,11.041,старая,старая
134185,10.448,18.85,24.369,МЛ,SARIMAX
134188,13.802,11.54,11.412,старая,старая
134189,23.79,16.02,11.723,старая,старая
134190,8.098,18.29,20.909,МЛ,RandomForest
134192,6.927,8.4,10.067,МЛ,HoltWinters
134194,10.439,14.38,15.744,МЛ,HoltWinters
134197,13.249,18.03,15.6,МЛ,HoltWinters
134199,11.968,186.86,23.547,МЛ,HoltWinters
134200,287.407,183.7,,веса,"(0.00, 1.00, 0.00)"
134201,7.753,14.21,14.26,МЛ,RandomForest
135001,17.131,22.26,,МЛ,SARIMAX
135002,9.982,12.24,13.269,МЛ,RandomForest
135003,18.687,21.49,24.239,МЛ,RandomForest
135004,157.406,405.16,,МЛ,HoltWinters
135005,11.651,18.98,,МЛ,RandomForest
135006,1647.559,206.26,389.898,веса,"(0.00, 0.00, 1.00)"
135007,27.594,18.74,23.3,веса,"(0.06, 0.22, 0.72)"
135008,25.689,16.16,21.066,веса,"(0.67, 0.02, 0.31)"
135009,7.621,10.06,10.728,МЛ,RandomForest
135010,8.339,54.46,22.673,МЛ,SARIMAX
135011,13.23,85.65,114.513,МЛ,RandomForest
135012,17.765,106.96,147.424,МЛ,HoltWinters
135015,8.86,16.54,9.965,МЛ,HoltWinters
135016,7.195,17.29,12.053,МЛ,SARIMAX
135017,11.722,16.14,16.319,МЛ,RandomForest
135018,6.34,66.24,33.795,МЛ,HoltWinters
135019,84.545,266.04,,МЛ,HoltWinters
135020,12.284,13.41,13.271,МЛ,RandomForest
135022,29.903,11.77,15.607,веса,"(0.09, 0.07, 0.84)"
135023,18.363,16.01,12.739,старая,старая
135024,22.329,47.27,43.881,МЛ,SARIMAX
135025,19.33,17.27,12.182,старая,старая
135026,14.658,16.93,17.474,МЛ,RandomForest
135027,22.113,11.29,12.011,веса,"(0.54, 0.00, 0.46)"
135028,27.764,15.9,17.185,веса,"(0.53, 0.47, 0.00)"
135029,21.073,16.29,16.446,веса,"(0.50, 0.31, 0.19)"
135030,11.919,17.87,15.253,МЛ,RandomForest
135031,11.46,12.45,15.295,МЛ,RandomForest
135032,22.128,15.46,19.1,веса,"(0.38, 0.30, 0.32)"
135033,12.437,10.83,9.931,старая,старая
135034,8.282,21.19,26.099,МЛ,HoltWinters
135035,10.22,14.26,,МЛ,RandomForest
135036,10.465,19.86,18.383,МЛ,RandomForest
135037,8.949,13.67,9.948,МЛ,RandomForest
135038,15.202,16.57,13.309,старая,старая
135039,15.313,23.21,17.36,МЛ,HoltWinters
135040,17.151,15.18,13.02,старая,старая
135041,38.535,37.73,42.479,веса,"(0.09, 0.09, 0.82)"
135042,42.874,65.82,88.044,МЛ,RandomForest
135043,12.8,12.34,10.223,старая,старая
135046,57.585,77.35,19.694,старая,старая
135047,6.121,8.83,11.989,МЛ,RandomForest
135049,7.702,82.07,35.092,МЛ,HoltWinters
135051,10.273,20.06,14.808,МЛ,RandomForest
135053,22.991,13.89,14.455,веса,"(0.00, 0.49, 0.51)"
135054,8.067,10.73,14.654,МЛ,RandomForest
135055,9.005,13.9,10.691,МЛ,RandomForest
135056,22.858,29.11,36.383,МЛ,HoltWinters
135057,8.273,17.08,7.524,старая,старая
135058,7.61,13.56,9.705,МЛ,RandomForest
135059,8.773,11.39,10.115,МЛ,HoltWinters
135068,9.914,15.21,13.036,МЛ,HoltWinters
135069,18.27,11.09,9.869,старая,старая
135070,7.238,9.46,13.804,МЛ,RandomForest
135072,7.333,11.69,10.219,МЛ,RandomForest
135075,14.842,32.66,38.984,МЛ,RandomForest
135076,8.963,13.23,9.37,МЛ,HoltWinters
135801,7.902,38.36,67.278,МЛ,RandomForest
135802,55.355,148.53,175.144,МЛ,RandomForest
136602,12.202,16.98,14.953,МЛ,RandomForest
136603,27.342,12.91,15.128,веса,"(0.91, 0.04, 0.05)"
136801,5.781,12.23,11.617,МЛ,SARIMAX
136802,12.753,19.64,16.914,МЛ,RandomForest
136803,4.779,10.26,10.241,МЛ,HoltWinters
136805,5.974,9.38,10.143,МЛ,RandomForest
136806,28.477,24.85,19.593,старая,старая
136807,14.692,13.85,11.27,старая,старая
136808,10.169,11.54,39.685,МЛ,RandomForest
136809,4.904,7.98,20.445,МЛ,HoltWinters
136810,9.45,15.44,14.946,МЛ,RandomForest
136811,14.884,15.16,16.351,МЛ,HoltWinters
136812,5.14,9.21,9.32,МЛ,RandomForest
136813,29.332,23.12,13.541,старая,старая
136814,12.135,17.46,14.585,МЛ,RandomForest
136815,18.195,19.71,15.297,старая,старая
136853,16.756,15.78,13.329,старая,старая
136872,17.457,19.5,17.995,МЛ,RandomForest
136875,18.135,13.07,14.532,веса,"(0.00, 0.17, 0.83)"
136876,26.496,11.57,14.862,веса,"(0.00, 0.22, 0.78)"
136877,11.886,9.69,18.509,веса,"(0.02, 0.06, 0.92)"
136878,44.502,20.07,30.643,веса,"(0.00, 0.39, 0.61)"
136879,8.852,12.58,24.441,МЛ,SARIMAX
136880,9.788,13.79,12.066,МЛ,RandomForest
136897,6.441,9.15,13.29,МЛ,SARIMAX
136901,8.164,14.73,16.118,МЛ,RandomForest
136902,12.338,10.06,12.751,веса,"(0.04, 0.06, 0.90)"
136904,9.939,7.94,11.072,веса,"(0.25, 0.22, 0.53)"
136905,7.112,16.92,18.22,МЛ,RandomForest
136906,6.037,10.77,14.341,МЛ,RandomForest
136907,22.369,12.85,15.34,веса,"(0.00, 0.31, 0.69)"
136908,11.993,19.05,21.514,МЛ,SARIMAX
136909,8.852,10.7,16.014,МЛ,RandomForest
136910,21.675,11.94,13.715,веса,"(0.00, 0.29, 0.71)"
136911,4.908,9.52,9.591,МЛ,HoltWinters
136912,5.484,9.18,10.322,МЛ,HoltWinters
136915,10.091,10.23,10.141,МЛ,RandomForest
136916,30.552,19.42,16.433,старая,старая
136917,33.781,21.5,18.646,старая,старая
136920,18.848,9.62,11.529,веса,"(0.00, 0.56, 0.44)"
136921,84.333,24.73,19.073,старая,старая
136926,7.299,12.6,11.508,МЛ,HoltWinters
136927,12.408,25.57,21.6,МЛ,HoltWinters
136936,20.017,14.16,13.713,старая,старая
136937,19.264,15.16,14.351,старая,старая
136938,19.392,18.3,12.049,старая,старая
136940,10.643,8.98,12.062,веса,"(0.13, 0.33, 0.54)"
136941,11.207,11.62,13.669,МЛ,HoltWinters
137001,5.482,9.46,13.537,МЛ,HoltWinters
137002,11.754,12.27,11.023,старая,старая
138001,27.122,9.78,15.442,веса,"(0.00, 0.17, 0.83)"
139201,20.179,21.98,21.087,МЛ,RandomForest
139202,17.607,16.55,16.256,старая,старая
139407,4.594,8.59,8.512,МЛ,HoltWinters
139801,5.425,11.54,9.845,МЛ,HoltWinters
141801,6.618,8.82,10.607,МЛ,RandomForest
143001,15.094,20.43,21.026,МЛ,RandomForest
143602,11.196,17.17,16.193,МЛ,RandomForest
145001,5.9,8.08,9.67,МЛ,SARIMAX
150210,11.664,24.12,14.493,МЛ,HoltWinters
150601,12.124,70.37,40.178,МЛ,SARIMAX
151801,45.614,189.68,,МЛ,HoltWinters
151802,20.85,95.63,,МЛ,RandomForest
152001,5.043,7.56,10.373,МЛ,SARIMAX
153001,10.849,9.88,11.485,веса,"(0.04, 0.11, 0.85)"
153002,5.096,6.87,9.01,МЛ,RandomForest
153810,14.123,18.61,18.342,МЛ,HoltWinters
153812,14.155,12.41,12.917,веса,"(0.03, 0.38, 0.59)"
154401,8.307,11.53,12.838,МЛ,RandomForest
155001,7.814,10.6,9.932,МЛ,SARIMAX
155002,12.043,14.21,12.77,МЛ,HoltWinters
155003,6.793,8.45,9.101,МЛ,SARIMAX
155004,12.074,17.68,15.825,МЛ,RandomForest
155007,9.595,11.44,10.224,МЛ,RandomForest
155008,9.489,18.58,21.443,МЛ,SARIMAX
155009,10.468,278.21,46.151,МЛ,RandomForest
155010,8.908,12.28,9.249,МЛ,RandomForest
155011,17.808,18.47,17.018,старая,старая
155012,10.675,14.13,12.187,МЛ,RandomForest
155013,8.19,14.62,9.812,МЛ,RandomForest
155014,15.879,11.86,11.689,старая,старая
155015,7.905,12.67,10.59,МЛ,RandomForest
155016,25.946,16.12,15.337,старая,старая
155017,10.903,16.18,14.489,МЛ,RandomForest
155018,9.154,21.61,14.583,МЛ,HoltWinters
155019,27.927,12.7,16.565,веса,"(0.10, 0.06, 0.84)"
155020,9.13,13.63,10.771,МЛ,SARIMAX
155021,14.944,11.28,9.312,старая,старая
155022,7.802,12.14,12.825,МЛ,RandomForest
155023,9.433,13.0,9.427,старая,старая
155024,15.603,15.58,18.87,веса,"(0.00, 0.32, 0.68)"
155025,8.881,11.72,8.579,старая,старая
155026,25.806,23.8,18.135,старая,старая
155027,11.101,17.01,11.752,МЛ,SARIMAX
155028,16.768,17.73,13.377,старая,старая
155030,19.149,16.69,11.881,старая,старая
155031,23.536,15.68,13.795,старая,старая
155032,17.962,15.35,12.657,старая,старая
155033,9.5,13.63,11.588,МЛ,SARIMAX
155034,12.752,12.28,11.034,старая,старая
155036,13.698,11.24,9.918,старая,старая
155037,8.494,15.33,12.698,МЛ,RandomForest
155039,19.796,14.36,14.347,старая,старая
155041,15.058,26.41,23.232,МЛ,RandomForest
155042,8.118,11.66,12.468,МЛ,HoltWinters
155044,5.486,8.39,10.651,МЛ,SARIMAX
155046,7.349,14.94,20.874,МЛ,HoltWinters
155047,8.61,11.81,11.785,МЛ,RandomForest
155048,4.93,8.71,9.922,МЛ,HoltWinters
155049,5.967,10.24,9.671,МЛ,SARIMAX
155050,16.737,14.21,17.634,веса,"(0.58, 0.00, 0.42)"
155051,13.306,10.81,12.53,веса,"(0.08, 0.06, 0.86)"
155052,18.723,14.54,17.704,веса,"(0.15, 0.02, 0.83)"
155053,14.496,14.49,17.019,веса,"(0.01, 0.04, 0.95)"
155054,6.407,12.93,11.391,МЛ,RandomForest
155055,5.71,12.12,11.313,МЛ,SARIMAX
155056,7.352,12.35,12.286,МЛ,SARIMAX
155058,8.097,8.82,12.576,МЛ,SARIMAX
155059,8.898,14.99,18.123,МЛ,HoltWinters
155060,13.823,10.3,13.187,веса,"(0.21, 0.01, 0.78)"
155061,16.363,12.21,23.368,веса,"(0.00, 0.02, 0.98)"
155065,8.449,321.96,577.354,МЛ,SARIMAX
155066,11.623,16.8,17.655,МЛ,HoltWinters
155070,6.565,9.85,12.252,МЛ,HoltWinters
155073,26.463,14.19,19.467,веса,"(0.12, 0.00, 0.88)"
155074,23.788,13.11,17.108,веса,"(0.32, 0.25, 0.43)"
155075,7.029,9.88,10.401,МЛ,RandomForest
155076,6.17,10.73,17.854,МЛ,HoltWinters
155077,12.081,13.27,13.653,МЛ,RandomForest
155078,10.655,17.57,13.497,МЛ,RandomForest
155079,15.709,17.68,13.376,старая,старая
155080,11.571,21.51,15.932,МЛ,RandomForest
155081,12.398,16.19,14.623,МЛ,RandomForest
155082,7.317,12.74,14.97,МЛ,SARIMAX
155083,10.618,11.18,10.319,старая,старая
155084,5.512,8.91,9.629,МЛ,RandomForest
155085,16.742,15.16,16.936,веса,"(0.00, 0.08, 0.92)"
155086,24.793,17.42,23.477,веса,"(0.00, 0.01, 0.99)"
155087,11.194,32.4,44.371,МЛ,SARIMAX
155088,9.999,11.88,10.469,МЛ,SARIMAX
155089,110.014,204.63,246.258,МЛ,RandomForest
155090,12.139,18.83,14.994,МЛ,SARIMAX
155091,23.85,22.27,25.274,веса,"(0.00, 0.62, 0.38)"
155093,8.828,18.74,14.994,МЛ,HoltWinters
155094,18.23,14.23,11.123,старая,старая
155095,8.547,12.52,10.694,МЛ,HoltWinters
155096,10.165,13.27,13.815,МЛ,HoltWinters
155097,14.326,14.47,16.835,МЛ,RandomForest
155099,7.024,9.06,10.08,МЛ,HoltWinters
155100,5.931,11.1,12.084,МЛ,RandomForest
155101,11.889,53.39,25.879,МЛ,RandomForest
155102,28.36,14.68,21.789,веса,"(0.09, 0.13, 0.78)"
155103,5.665,13.63,20.039,МЛ,SARIMAX
155104,9.793,217.06,668.93,МЛ,RandomForest
155105,7.045,8.3,7.994,МЛ,RandomForest
155107,12.734,74.04,19.252,МЛ,SARIMAX
155108,7.485,9.68,12.371,МЛ,SARIMAX
155109,24.549,78.57,24.556,МЛ,RandomForest
155111,5.035,9.24,10.562,МЛ,HoltWinters
155112,7.004,11.37,11.292,МЛ,HoltWinters
155113,22.334,19.31,,веса,"(0.21, 0.55, 0.24)"
155114,25.147,32.73,,МЛ,SARIMAX
155115,15.626,19.11,,МЛ,RandomForest
155116,14.814,19.77,,МЛ,SARIMAX
155117,21.75,31.8,,МЛ,HoltWinters
155119,18.325,15.95,16.66,веса,"(0.32, 0.18, 0.50)"
155121,14.737,22.12,31.897,МЛ,RandomForest
155122,26.869,20.67,35.143,веса,"(0.08, 0.00, 0.92)"
155123,4.897,9.9,11.729,МЛ,RandomForest
155124,15.499,11.8,,веса,"(0.00, 0.58, 0.42)"
155125,36.117,16.91,,веса,"(0.32, 0.34, 0.34)"
155126,29.328,22.8,28.065,веса,"(0.00, 0.44, 0.56)"
155127,17.669,83.36,52.493,МЛ,HoltWinters
155128,19.66,16.72,15.046,старая,старая
155129,10.999,11.51,9.889,старая,старая
155130,29.346,145.03,268.884,МЛ,SARIMAX
155131,16.313,14.29,,веса,"(0.00, 0.41, 0.59)"
155132,71.562,22.68,,веса,"(0.52, 0.02, 0.46)"
155133,11.903,16.21,16.144,МЛ,RandomForest
155134,13.91,20.55,,МЛ,RandomForest
155135,7.937,8.14,10.849,МЛ,RandomForest
155136,93.467,252.78,413.03,МЛ,HoltWinters
155137,5.542,10.2,10.236,МЛ,SARIMAX
156401,6.005,12.57,11.051,МЛ,SARIMAX
157601,7.841,8.26,8.485,МЛ,RandomForest
158201,10.972,13.38,23.94,МЛ,HoltWinters
158401,13.142,23.98,21.831,МЛ,HoltWinters
158601,6.583,9.5,12.091,МЛ,RandomForest
159004,7.187,12.39,9.576,МЛ,RandomForest
160005,7.88,12.7,17.917,МЛ,HoltWinters
160006,7.395,233.78,26.341,МЛ,SARIMAX
160007,10.529,12.81,20.8,МЛ,RandomForest
160008,9.315,11.16,16.142,МЛ,HoltWinters
160010,9.304,19.7,26.959,МЛ,HoltWinters
160012,6.479,25.19,32.311,МЛ,SARIMAX
160014,13.233,513.03,932.336,МЛ,SARIMAX
160015,10.887,24.05,,МЛ,SARIMAX
160019,9.55,32.92,48.79,МЛ,HoltWinters
160020,6.498,14.73,16.351,МЛ,HoltWinters
160022,6.317,10.96,13.298,МЛ,RandomForest
160023,6.137,13.37,15.187,МЛ,SARIMAX
160025,99.842,23.04,44.305,веса,"(0.00, 0.06, 0.94)"
160027,7.887,11.19,10.485,МЛ,SARIMAX
160028,8.403,16.97,29.627,МЛ,RandomForest
160030,11.743,16.87,,МЛ,SARIMAX
160031,5.208,11.22,10.068,МЛ,SARIMAX
160032,8.547,14.98,,МЛ,HoltWinters
160033,27.851,515.74,1031.924,МЛ,RandomForest
160034,7.797,14.16,18.685,МЛ,HoltWinters
160035,16.608,16.43,20.012,веса,"(0.02, 0.12, 0.86)"
160037,10.873,11.54,14.12,МЛ,SARIMAX
160040,11.488,26.41,30.252,МЛ,RandomForest
160041,18.338,153.5,238.663,МЛ,HoltWinters
160042,11.015,20.71,38.645,МЛ,RandomForest
160043,8.684,23.48,36.886,МЛ,HoltWinters
160045,6.099,10.74,15.754,МЛ,RandomForest
160046,7.776,14.24,23.915,МЛ,SARIMAX
160048,8.55,18.48,21.19,МЛ,HoltWinters
160049,7.837,16.56,44.092,МЛ,RandomForest
160050,263.871,46.57,69.53,веса,"(0.00, 0.13, 0.87)"
160051,11.481,19.92,20.245,МЛ,HoltWinters
160052,14.591,52.52,69.4,МЛ,HoltWinters
160053,55.027,125.67,,МЛ,HoltWinters
160056,8.647,36.67,61.46,МЛ,HoltWinters
160058,9.216,12.52,12.618,МЛ,HoltWinters
160060,17.488,32.22,,МЛ,RandomForest
160061,7.46,11.56,18.422,МЛ,SARIMAX
160062,6.519,12.39,15.657,МЛ,SARIMAX
160064,10.242,19.32,22.471,МЛ,RandomForest
160065,10.178,13.12,20.853,МЛ,RandomForest
160067,7.908,320.08,551.89,МЛ,RandomForest
160068,9.446,13.95,14.59,МЛ,HoltWinters
160069,9.774,19.16,27.354,МЛ,HoltWinters
160070,13.976,32.69,34.33,МЛ,HoltWinters
160071,9.25,14.76,18.893,МЛ,HoltWinters
160074,7.423,13.53,16.253,МЛ,RandomForest
160076,27.709,153.68,,МЛ,SARIMAX
160413,7.296,11.36,11.118,МЛ,RandomForest
160414,9.513,18.03,20.086,МЛ,RandomForest
161201,13.402,18.83,13.806,МЛ,RandomForest
161203,16.419,19.89,15.037,старая,старая
161801,7.397,13.13,13.995,МЛ,RandomForest
161802,16.036,29.31,36.031,МЛ,RandomForest
162602,8.072,8.09,8.635,МЛ,HoltWinters
162622,39.429,17.87,17.583,старая,старая
163223,14.127,13.78,11.135,старая,старая
163224,10.809,13.32,14.891,МЛ,SARIMAX
163403,8.483,21.64,23.286,МЛ,RandomForest
163404,6.708,12.36,8.977,МЛ,RandomForest
163405,9.905,18.05,36.978,МЛ,RandomForest
163406,12.883,18.13,37.358,МЛ,SARIMAX
163407,7.832,17.59,16.006,МЛ,RandomForest
163408,10.036,38.23,39.799,МЛ,RandomForest
163409,5.8,14.31,27.728,МЛ,RandomForest
163410,7.617,14.2,66.7,МЛ,SARIMAX
163623,11.122,12.43,12.226,МЛ,SARIMAX
163624,13.362,16.9,14.329,МЛ,HoltWinters
163625,13.185,19.28,12.899,старая,старая
163805,15.227,42.25,31.794,МЛ,SARIMAX
163806,10.564,26.43,27.338,МЛ,SARIMAX
165003,13.234,19.48,27.46,МЛ,SARIMAX
165004,12.549,27.63,29.505,МЛ,RandomForest
165212,18.227,51.57,192.059,МЛ,SARIMAX
165610,8.067,89.8,62.235,МЛ,RandomForest
166002,4.204,14.35,19.323,МЛ,SARIMAX
166003,6.782,22.76,60.061,МЛ,RandomForest
169013,24.032,294.27,56.189,МЛ,HoltWinters
169014,19.628,109.26,59.08,МЛ,HoltWinters
170003,15.246,42.66,26.297,МЛ,RandomForest
170004,10.015,41.78,17.956,МЛ,SARIMAX
170006,11.876,34.32,,МЛ,RandomForest
170009,38.23,34.08,,веса,"(0.06, 0.00, 0.94)"
